project, date, revision, files, lambda, auto, range_for, const_expr, if_with_initializer, error1, error2, error3, time
rocksdb, Wed Mar 02 14:37:17 BRT 2011, 54f1fd7eef101db1dfb2bb66a59083c45a38aa4a, 0, 0, 0, 0, 0, 0, 0, 0, 0, 2482
rocksdb, Fri Mar 18 19:37:00 BRT 2011, f67e15e50f392625b4097caf22e8be1b0fe96013, 48, 0, 0, 0, 0, 0, 0, 0, 0, 2344
rocksdb, Fri Mar 25 17:27:43 BRT 2011, e11bdf1935bc5a46db790ef414110149009f8c6a, 49, 0, 0, 0, 0, 0, 0, 0, 0, 1718
rocksdb, Tue Apr 12 16:38:58 BRT 2011, f779e7a5d89f853fc5224f9eb8103ca2b8f2f555, 49, 0, 0, 0, 0, 0, 0, 0, 0, 1853
rocksdb, Mon Apr 18 20:15:58 BRT 2011, b409afe968b6917574ec08e02c4bf6e6f722e3ca, 49, 0, 0, 0, 0, 0, 0, 0, 0, 1935
rocksdb, Tue May 03 00:10:59 BRT 2011, 3c111335a760d8d82414b91a54f740df09dd4f8f, 49, 0, 0, 0, 0, 0, 0, 0, 0, 1669
rocksdb, Fri May 20 23:17:43 BRT 2011, da7990950787257cb312ca562ce5977749afc3e9, 49, 0, 0, 0, 0, 0, 0, 0, 0, 1578
rocksdb, Fri May 27 21:53:58 BRT 2011, 740d8b3d009462eed28a94ea516d667e735b0dfc, 50, 0, 0, 0, 0, 0, 0, 0, 0, 1423
rocksdb, Tue Jun 07 11:40:26 BRT 2011, 80e5b0d944b7651046f8b0e795065eca02a01e59, 50, 0, 0, 0, 0, 0, 0, 0, 0, 1576
rocksdb, Tue Jun 21 23:36:45 BRT 2011, ccf0fcd5c2946f9228068d657a56d91af9671575, 50, 0, 0, 0, 0, 0, 0, 0, 0, 1436
rocksdb, Tue Jun 28 21:30:50 BRT 2011, f57e23351f416d15cb6dc2905f2abade5a632fc3, 51, 0, 0, 0, 0, 0, 0, 0, 0, 1547
rocksdb, Thu Jul 14 21:20:57 BRT 2011, 6699c7ebe68fba9673ea7a78b54e0eb558102301, 50, 0, 0, 0, 0, 0, 0, 0, 0, 1363
rocksdb, Wed Jul 20 23:40:18 BRT 2011, 60bd8015f21fdb63d5409b1191f8ea9d8f1a1b87, 51, 0, 0, 0, 0, 0, 0, 0, 0, 1533
rocksdb, Tue Jul 26 22:46:25 BRT 2011, f122c6dfbb4afacd0ac39f95106da81f8a714e72, 50, 0, 0, 0, 0, 0, 0, 0, 0, 1449
rocksdb, Fri Aug 05 17:40:49 BRT 2011, 021ee9c32be65c298de20adb021ba6066e674200, 51, 0, 0, 0, 0, 0, 0, 0, 0, 1594
rocksdb, Mon Aug 15 22:21:01 BRT 2011, ab323f7e1ec53749653967e7d6a2fa1c922334f2, 51, 0, 0, 0, 0, 0, 0, 0, 0, 1399
rocksdb, Mon Aug 22 18:08:51 BRT 2011, e3584f9c28833ec0530b39540ffd406ee41dbc3a, 51, 0, 0, 0, 0, 0, 0, 0, 0, 1774
rocksdb, Thu Sep 01 16:08:02 BRT 2011, 72630236513e7384cb0a2e8fffcae232135a5adc, 51, 0, 0, 0, 0, 0, 0, 0, 0, 1425
rocksdb, Mon Sep 12 06:21:10 BRT 2011, 213a68eb68ece93a8915ef18a8eba920d5a924a4, 51, 0, 0, 0, 0, 0, 0, 0, 0, 1501
rocksdb, Mon Sep 26 13:37:09 BRT 2011, 26db4d971a15d2a7d45bef73f69ef527d164b340, 51, 0, 0, 0, 0, 0, 0, 0, 0, 1355
rocksdb, Wed Oct 05 20:30:28 BRT 2011, 299ccedfeca1fb3497978c288e76008a5c08e899, 51, 0, 0, 0, 0, 0, 0, 0, 0, 1619
rocksdb, Mon Oct 31 14:22:06 BRT 2011, 36a5f8ed7f9fb3373236d5eace4f5fea369856ee, 51, 0, 0, 0, 0, 0, 0, 0, 0, 1424
rocksdb, Mon Nov 14 14:06:16 BRT 2011, 42fb47f6edab02d4abb814631c6615dd4661d7d2, 51, 0, 0, 0, 0, 0, 0, 0, 0, 1515
rocksdb, Wed Nov 30 07:59:40 BRT 2011, c8c5866a86c8d4a3e80d8708d14a06776fb683d1, 51, 0, 0, 0, 0, 0, 0, 0, 0, 1458
rocksdb, Wed Jan 25 19:56:52 BRT 2012, 3c8be108bfb5fbd7d51f824199627e757279f79e, 51, 0, 0, 0, 0, 0, 0, 0, 0, 1517
rocksdb, Thu Feb 02 14:34:14 BRT 2012, 239ac9d2dea0ac1708b7d903a3d80d3883e0781b, 51, 0, 0, 0, 0, 0, 0, 0, 0, 1367
rocksdb, Mon Mar 05 15:35:46 BRT 2012, 015d26f8be6e27d96c536eb9f1ef7275898e3603, 51, 0, 0, 0, 0, 0, 0, 0, 0, 1519
rocksdb, Thu Mar 15 13:14:00 BRT 2012, 9013f13b1512f6ab8c04518e8f036e58be271eba, 51, 0, 0, 0, 0, 0, 0, 0, 0, 1416
rocksdb, Wed Mar 21 14:28:03 BRT 2012, a1ad4d1995dc8efeb0d3d7a40b8bb63c9b7c8259, 51, 0, 0, 0, 0, 0, 0, 0, 0, 1379
rocksdb, Fri Mar 30 17:15:49 BRT 2012, bc1ee4d25e09b04e074db330a41f54ef4af0e31b, 51, 0, 0, 0, 0, 0, 0, 0, 0, 1528
rocksdb, Tue Apr 17 12:36:46 BRT 2012, 85584d497e7b354853b72f450683d59fcf6b9c5c, 53, 0, 0, 0, 0, 0, 0, 0, 0, 1349
rocksdb, Thu May 03 21:26:14 BRT 2012, 921a48428ed88d04a263c5269f87222112081523, 53, 0, 0, 0, 0, 0, 0, 0, 0, 1508
rocksdb, Thu May 10 03:32:20 BRT 2012, cc6c32535aec596036c56fe742a39182539f76fa, 53, 0, 0, 0, 0, 0, 0, 0, 0, 1353
rocksdb, Wed May 16 21:22:33 BRT 2012, a2a0e358cb2057634d350d113087e6eb01effa93, 53, 0, 0, 0, 0, 0, 0, 0, 0, 1679
rocksdb, Tue May 22 16:18:23 BRT 2012, 33a3c6ff6c71a2afb7c038715fa921e6ec83dcf3, 53, 0, 0, 0, 0, 0, 0, 0, 0, 1460
rocksdb, Wed May 30 03:18:16 BRT 2012, f50ece60c78243ce52bdad26956a1ce4817caad5, 55, 0, 0, 0, 0, 0, 0, 0, 0, 1650
rocksdb, Fri Jun 08 05:11:14 BRT 2012, a35e574344b1962a80f4871d6d05574b8fd3b284, 57, 0, 0, 0, 0, 0, 0, 0, 0, 1781
rocksdb, Fri Jun 15 17:48:59 BRT 2012, 7e6c9b91a564ab7669fcb90ba015a56c8cbaf1ab, 59, 0, 0, 0, 0, 0, 0, 0, 0, 1650
rocksdb, Wed Jun 20 19:15:25 BRT 2012, 2067d22038f78ffecef7f425e7886a49a9be64d2, 59, 0, 0, 0, 0, 0, 0, 0, 0, 1579
rocksdb, Thu Jun 28 03:41:33 BRT 2012, 054a5657f868aa057a940bc1051523de88316704, 59, 0, 0, 0, 0, 0, 1, 0, 0, 1470
rocksdb, Thu Jul 05 17:39:28 BRT 2012, a347d4ac0dd59de8f0ec5dd47a67ebb6e60f4bee, 59, 0, 0, 0, 0, 0, 1, 0, 0, 1516
rocksdb, Wed Jul 11 18:08:46 BRT 2012, d5503208cf0cca33f586938c28d4a9ef1d083976, 235, 0, 52, 6, 19, 0, 1, 0, 0, 2616
rocksdb, Tue Jul 17 04:18:23 BRT 2012, 21f2fe4419b1734ced4eff7696a179eb7898a4a5, 243, 0, 52, 6, 19, 0, 1, 0, 0, 2580
rocksdb, Wed Aug 01 20:17:43 BRT 2012, b40ad060e07c5719f078ffd7f45e96b24868f852, 247, 18, 55, 6, 23, 0, 1, 0, 0, 2760
rocksdb, Tue Aug 14 18:52:48 BRT 2012, fe6119bd3a8b5bde761ec1ce2ca17046c787767d, 247, 18, 55, 6, 23, 0, 1, 0, 0, 2297
rocksdb, Sun Aug 19 20:05:02 BRT 2012, deb1a1fa9b93dbcc3d2fbde84b2391b3d1f7c024, 247, 18, 55, 6, 23, 0, 1, 0, 0, 3048
rocksdb, Fri Aug 24 20:28:06 BRT 2012, e675351ad7facccb934522b79e9889b7a50bf4f1, 264, 21, 55, 6, 27, 0, 1, 0, 0, 2832
rocksdb, Fri Aug 31 03:06:17 BRT 2012, 94208a7881452c96c3e7e2e9d713c5adf5d95dbd, 263, 21, 55, 6, 27, 0, 1, 0, 0, 2698
rocksdb, Wed Sep 05 04:02:16 BRT 2012, 354a9ea089fa6264988ff61c79d83c8c24e74c1f, 263, 21, 55, 6, 27, 0, 1, 0, 0, 2224
rocksdb, Wed Sep 12 13:54:22 BRT 2012, 407727b75f6041956bd294775b0b4ca04c37a769, 263, 21, 55, 6, 27, 0, 1, 0, 0, 2433
rocksdb, Mon Sep 17 14:51:45 BRT 2012, 1f7850cf4c2f891a03761cc540ba711000e50976, 263, 21, 55, 6, 27, 0, 1, 0, 0, 2541
rocksdb, Mon Sep 24 18:01:01 BRT 2012, ae36e509f8fba210969829cb23c22cdc305bcdb8, 263, 21, 55, 6, 27, 0, 1, 0, 0, 2206
rocksdb, Sat Sep 29 22:02:02 BRT 2012, 72c45c66c65245aa548722213c3859c0610051b7, 263, 21, 55, 6, 27, 0, 1, 0, 0, 2757
rocksdb, Thu Oct 04 22:06:44 BRT 2012, fc23714f27ecb660338b03a13e7015a161f1dbdd, 264, 21, 55, 6, 27, 0, 1, 0, 0, 2315
rocksdb, Fri Oct 12 21:00:25 BRT 2012, 5dc784c23378d9d8d53e01a3c5e96b8d50d2548b, 265, 21, 55, 6, 27, 0, 1, 0, 0, 2802
rocksdb, Fri Oct 19 16:16:18 BRT 2012, cf5adc80164ff750bf4bf1f5df909746c665cf01, 265, 21, 55, 6, 27, 0, 1, 0, 0, 2725
rocksdb, Thu Oct 25 22:21:54 BRT 2012, 5b0fe6c73baee77290dddffd33983a2288a4bdc6, 266, 21, 55, 6, 27, 0, 1, 0, 0, 2321
rocksdb, Wed Oct 31 15:47:18 BRT 2012, d55c2ba305f88106ab37c8981538fc4f0cba9a7e, 267, 21, 55, 6, 27, 0, 1, 0, 0, 2867
rocksdb, Mon Nov 05 21:51:55 BRT 2012, 5f91868ceea5767402390b63c36a3e1958e4fa31, 268, 21, 55, 6, 27, 0, 1, 0, 0, 2220
rocksdb, Sun Nov 11 05:20:40 BRT 2012, 9c6c232e476a5bf7ac6259bd9c6ddf4be4608b18, 268, 21, 55, 6, 27, 0, 1, 0, 0, 2847
rocksdb, Fri Nov 16 17:55:21 BRT 2012, de278a6de9dfbe8b126da7ef5401b3a41ee225b4, 268, 21, 55, 6, 27, 0, 1, 0, 0, 2228
rocksdb, Wed Nov 21 18:26:32 BRT 2012, 6caf3b8e4b2fde75c1033f503065be3824a9ee50, 269, 21, 55, 6, 27, 0, 1, 0, 0, 2911
rocksdb, Mon Nov 26 18:56:45 BRT 2012, d4627e6de426ae8fb15daa5aa8f7ce350adf483f, 269, 21, 55, 6, 27, 0, 1, 0, 0, 2711
rocksdb, Tue Dec 04 14:47:05 BRT 2012, c847a317277c12999bb2fd66a83fb739dcd4c364, 269, 21, 55, 6, 27, 0, 1, 0, 0, 2248
rocksdb, Mon Dec 10 16:02:07 BRT 2012, 22c283625ba4fbf42bd1fdbd02717ec868a87fb4, 273, 21, 55, 6, 27, 0, 1, 0, 0, 2868
rocksdb, Sat Dec 15 23:28:36 BRT 2012, c28097538a01035fdfb1fd1dd52275118e376379, 273, 21, 55, 6, 27, 0, 1, 0, 0, 2351
rocksdb, Fri Dec 21 03:56:58 BRT 2012, 70f0f5073158044e38acb133b7ddabcb4ce200da, 273, 21, 55, 6, 27, 0, 1, 0, 0, 2665
rocksdb, Wed Dec 26 16:51:36 BRT 2012, 3f7af03a2d02b20b84f2b3802505b2dfb6fa2da4, 274, 21, 55, 6, 27, 0, 1, 0, 0, 2274
rocksdb, Thu Jan 03 17:11:50 BRT 2013, 4069f66cc791c09213ef6c2e0a2a744c298ddc45, 274, 21, 55, 6, 27, 0, 1, 0, 0, 2849
rocksdb, Tue Jan 08 17:16:40 BRT 2013, d8371ef1f6119a136882faa81c09783681314346, 274, 21, 55, 6, 27, 0, 1, 0, 0, 2862
rocksdb, Mon Jan 14 17:39:24 BRT 2013, c0cb289d5706ee9af903224c13bccc5a85f7dc87, 274, 21, 55, 6, 27, 0, 1, 0, 0, 2296
rocksdb, Sun Jan 20 07:07:13 BRT 2013, 2fdf91a4f82e4922063e68a8457a6327cd3193a0, 274, 21, 55, 6, 27, 0, 1, 0, 0, 2619
rocksdb, Fri Jan 25 14:10:26 BRT 2013, 16e96b1242d15be04d34dac3a1081a222256247e, 274, 21, 58, 6, 27, 0, 1, 0, 0, 2255
rocksdb, Thu Jan 31 20:20:24 BRT 2013, 4dcc0c89f440d69fcab80e06f9ff62844873b4c2, 275, 21, 58, 6, 27, 0, 1, 0, 0, 3102
rocksdb, Wed Feb 06 22:12:43 BRT 2013, f02db1c118dd691409b9d60dfbc7978ca1c22fb0, 275, 21, 58, 6, 27, 0, 1, 0, 0, 2715
rocksdb, Wed Feb 13 19:21:24 BRT 2013, aaa0cbb97a645d16a649279726f314f2f1cf636b, 275, 21, 58, 6, 27, 0, 1, 0, 0, 2309
rocksdb, Tue Feb 19 00:42:29 BRT 2013, 27e26df66582af1f807fd2a2e499ef8145979e48, 275, 21, 58, 6, 27, 0, 1, 0, 0, 2697
rocksdb, Mon Feb 25 16:17:26 BRT 2013, ec96ad54052b7c2521dae9c68c504ee3f59e22fd, 276, 21, 58, 6, 27, 0, 1, 0, 0, 2306
rocksdb, Sat Mar 02 17:56:04 BRT 2013, 993543d1be985cadcb237a8a8545ffe6c755bd54, 276, 21, 58, 6, 27, 0, 1, 0, 0, 2645
rocksdb, Fri Mar 08 14:19:24 BRT 2013, 469724be7f50d93deb8e381ab1117ea0ee9f96a0, 276, 21, 58, 6, 27, 0, 1, 0, 0, 2416
rocksdb, Wed Mar 13 17:50:26 BRT 2013, 1ba5abca97b4728b2b6b0d2f9395ebf387f9a2ae, 276, 21, 58, 6, 27, 0, 1, 0, 0, 2582
rocksdb, Mon Mar 18 18:50:59 BRT 2013, 02c459805bd6809e7309fcf56e7673d444b47dd5, 276, 21, 58, 6, 27, 0, 1, 0, 0, 2314
rocksdb, Mon Mar 25 14:56:48 BRT 2013, 839f6db77e370553a2c771f36d7251d499601425, 286, 21, 58, 6, 27, 0, 1, 0, 0, 2768
rocksdb, Tue Apr 02 21:18:27 BRT 2013, ca789a10cc95badf5497c75bc6acdf39ed62129b, 277, 21, 58, 6, 27, 0, 1, 0, 0, 2289
rocksdb, Mon Apr 08 15:50:44 BRT 2013, 26f68d3939e398004c7e66f17a069c0bd4d85d96, 277, 21, 58, 6, 27, 0, 1, 0, 0, 2719
rocksdb, Mon Apr 15 17:25:53 BRT 2013, 9b81d3c406b57d9e8f0bc39d41ac8668913318c3, 278, 21, 58, 6, 27, 0, 1, 0, 0, 2500
rocksdb, Mon Apr 22 14:14:54 BRT 2013, 06d3487b3fba1a3ed4f5041c7e6be38cc6dff4a3, 279, 21, 58, 6, 27, 0, 1, 0, 0, 2575
rocksdb, Mon Apr 29 17:19:24 BRT 2013, 41cb922b34fd231bfb0e78af92168375b57b308f, 279, 21, 58, 6, 27, 0, 1, 0, 0, 2834
rocksdb, Mon May 06 14:35:41 BRT 2013, 3c4efc4462d5c5154ff2cf72ad6cb24330c3ace0, 284, 21, 58, 6, 27, 0, 1, 0, 0, 2300
rocksdb, Sun May 12 06:36:59 BRT 2013, 4ca3c67bd3b29e2ab28a9cd9356f649a96c78923, 285, 21, 58, 6, 27, 0, 1, 0, 0, 2764
rocksdb, Fri May 17 14:55:34 BRT 2013, e1174306c58c8c0d5b7effa27ffa78b8b2030057, 286, 21, 58, 6, 27, 0, 1, 0, 0, 2387
rocksdb, Thu May 23 14:56:36 BRT 2013, 898f79372f26b383b2d8dd844533f5e42ed57888, 287, 21, 58, 6, 27, 0, 1, 0, 0, 2614
rocksdb, Tue May 28 15:38:47 BRT 2013, fb684da0825c823e4d59127de3aee810831db812, 287, 21, 58, 6, 27, 0, 1, 0, 0, 2283
rocksdb, Mon Jun 03 12:16:16 BRT 2013, d9f538e1a9c2afd31ecd3d54d947102fbf47a6de, 287, 21, 58, 6, 27, 0, 1, 0, 0, 2673
rocksdb, Sat Jun 08 16:29:43 BRT 2013, 7a6bd8e975cda0bd042fbc194d39f8c8a4789f90, 287, 21, 58, 6, 27, 0, 1, 0, 0, 2321
rocksdb, Thu Jun 13 17:45:51 BRT 2013, 0c2a2dd5e85f55a4c8cffadb01b9849d896e2eab, 289, 21, 58, 6, 27, 0, 1, 0, 0, 2595
rocksdb, Tue Jun 18 18:58:00 BRT 2013, 79f4fd2b62e346482db45f43417e4bc9b9aa1200, 290, 21, 58, 6, 27, 0, 1, 0, 0, 2347
rocksdb, Tue Jun 25 15:30:37 BRT 2013, 6894a50aa71ac6c65caf41a017b684a067131345, 290, 21, 58, 6, 27, 0, 0, 0, 0, 2951
rocksdb, Mon Jul 01 00:14:44 BRT 2013, a84f547084f039e586799e75ef64e0ef8769ecdd, 290, 21, 58, 6, 27, 0, 0, 0, 0, 2766
rocksdb, Tue Jul 09 15:16:39 BRT 2013, a8d5f8dde2fbeb19600624144275511b76a57a90, 290, 21, 58, 6, 27, 0, 0, 0, 0, 2229
rocksdb, Tue Jul 16 15:56:46 BRT 2013, 0e422308aa2c2fd63be5a5d1f1458cb42054b096, 299, 21, 65, 7, 27, 0, 0, 0, 0, 2893
rocksdb, Mon Jul 22 16:19:46 BRT 2013, d364eea1fc615917133c49b5fed2acf1e884fbec, 290, 21, 58, 6, 27, 0, 0, 0, 0, 2743
rocksdb, Sun Jul 28 15:53:08 BRT 2013, 197034e4c3674885f454bc15c21ff99973ebd472, 298, 21, 61, 7, 27, 0, 0, 0, 0, 2322
rocksdb, Sat Aug 03 04:40:22 BRT 2013, cacd812fb27ba110d1fb261c52031af7459bfa37, 293, 21, 58, 6, 27, 0, 0, 0, 0, 2762
rocksdb, Thu Aug 08 19:51:16 BRT 2013, 3a3b1c3e6cb0f39ed55a9699ed30e5e1eb18eead, 295, 21, 61, 6, 27, 0, 0, 0, 0, 2289
rocksdb, Wed Aug 14 13:06:10 BRT 2013, a8f47a40069b3c8bf10e5e5518dc0657612188d4, 298, 21, 61, 7, 27, 0, 0, 0, 0, 2892
rocksdb, Mon Aug 19 15:42:47 BRT 2013, e1346968d8b2b32398e31b42bd09fcd2da56a868, 299, 21, 61, 7, 27, 0, 0, 0, 0, 2825
rocksdb, Sun Aug 25 02:48:51 BRT 2013, fc0c399d2e50a0fdc75e94e9a00df5721ad84cb6, 298, 21, 61, 7, 27, 0, 0, 0, 0, 2304
rocksdb, Fri Aug 30 16:16:45 BRT 2013, 46dcf51ca5bc04d1b83eb8e9ae654c0e5f234dcb, 298, 21, 61, 7, 27, 0, 0, 0, 0, 2987
rocksdb, Wed Sep 04 17:13:08 BRT 2013, 42c109cc2ef5852d00b23a539fd4070c350774ee, 298, 21, 61, 7, 27, 0, 0, 0, 0, 2756
rocksdb, Mon Sep 09 20:06:10 BRT 2013, 4012ca1c7b2ab92d04c995c27c9c42beebdc6584, 299, 21, 65, 7, 27, 0, 0, 0, 0, 2373
rocksdb, Sun Sep 15 14:21:03 BRT 2013, 1d8c57db232bf3bede6f773d159c6158241f6fdf, 299, 21, 65, 7, 27, 0, 0, 0, 0, 2699
rocksdb, Fri Sep 20 20:27:22 BRT 2013, 9262061b0d353894b0aae99ccd22f34346d7ed53, 299, 21, 65, 7, 27, 0, 0, 0, 0, 2365
rocksdb, Thu Sep 26 06:12:10 BRT 2013, 08740b15a4bd22d1433ce644e1ab324fc2ae1531, 299, 21, 65, 7, 27, 0, 0, 0, 0, 2622
rocksdb, Tue Oct 01 18:06:29 BRT 2013, 861f6e48e46d71a57f4465fc4b6f76f963d0577f, 299, 21, 65, 7, 27, 0, 0, 0, 0, 2420
rocksdb, Mon Oct 07 19:37:40 BRT 2013, fa46ddb41f96f5200425978a9b9b7834df30b6bb, 112, 0, 10, 1, 0, 0, 0, 0, 0, 1771
rocksdb, Sun Oct 13 19:28:24 BRT 2013, fe3713961ec573a80e742a334747571549ad4369, 112, 0, 10, 1, 0, 0, 0, 0, 0, 1820
rocksdb, Sun Oct 20 23:06:19 BRT 2013, ae8e0770b47cfc11b6d8ea901b2d5aa8347249cb, 113, 0, 10, 1, 0, 0, 0, 0, 0, 1518
rocksdb, Sun Oct 27 03:01:26 BRT 2013, 8cbe5bb56b10a4d4022f1ff66d7f34ded80f951e, 116, 0, 13, 2, 0, 0, 0, 0, 0, 1731
rocksdb, Fri Nov 01 16:32:27 BRT 2013, beeb74be6f8b19f99e6878b3b14c8ba4e2e862c5, 116, 0, 13, 2, 0, 0, 0, 0, 0, 1788
rocksdb, Wed Nov 06 16:55:43 BRT 2013, be96f2498ebde19abc91aa68c22dff5d6718819b, 116, 0, 13, 2, 0, 0, 0, 0, 0, 1633
rocksdb, Mon Nov 11 19:42:52 BRT 2013, 318a4919d209a7c42332baea7e9ab5703f759167, 117, 0, 13, 2, 0, 0, 0, 0, 0, 1680
rocksdb, Sat Nov 16 22:46:29 BRT 2013, 72756c7404e36ec5932d423e177b0b00d993a6c5, 117, 0, 13, 2, 0, 0, 0, 0, 0, 2075
rocksdb, Thu Nov 21 22:54:23 BRT 2013, 0c93df912e71781719c1a3373cc3c18c44c48910, 107, 0, 13, 2, 0, 0, 0, 0, 0, 1635
rocksdb, Tue Nov 26 23:00:43 BRT 2013, 4c81383628db46d35b674000a3668b5a9a2498a6, 108, 0, 13, 2, 0, 0, 0, 0, 0, 1776
rocksdb, Mon Dec 02 02:23:44 BRT 2013, 96bc3ec297e116b2fe83edf1c17605f628842959, 108, 0, 13, 2, 0, 0, 0, 0, 0, 1491
rocksdb, Sun Dec 08 15:49:11 BRT 2013, f6012ab826fa1e94e3232726303a6ce82446924f, 109, 0, 13, 2, 0, 0, 0, 0, 0, 1641
rocksdb, Fri Dec 13 19:19:18 BRT 2013, 5090316f0ded4bf9af04d78cbacb031824d31c3f, 115, 0, 13, 2, 0, 0, 0, 0, 0, 1807
rocksdb, Wed Dec 18 20:56:37 BRT 2013, 269709a8856ca9f80d2f52e28599e17975ad0683, 112, 0, 13, 2, 0, 0, 0, 0, 0, 1857
rocksdb, Tue Dec 24 06:09:09 BRT 2013, 5e3aeb5f8e029aafbf46b61e7345e8e25cb5dda1, 114, 0, 25, 3, 0, 0, 0, 0, 0, 1594
rocksdb, Mon Dec 30 10:33:52 BRT 2013, a6b476a2ac453398327b8d4d00ef85911520841c, 112, 0, 25, 3, 0, 0, 0, 0, 0, 1643
rocksdb, Sun Jan 05 04:47:44 BRT 2014, 8f6e31951e77f727c2c25a40bb96954d6ccff06d, 112, 0, 25, 3, 0, 0, 0, 0, 0, 1483
rocksdb, Fri Jan 10 06:56:35 BRT 2014, afdd2d1a46bc128d69dc839e680d6a5e29e995e0, 112, 0, 25, 3, 0, 0, 0, 0, 0, 1624
rocksdb, Wed Jan 15 21:15:43 BRT 2014, 65a8a52b546cf5eec3c2895d220fd343353585d2, 112, 0, 25, 3, 0, 0, 0, 0, 0, 1520
rocksdb, Tue Jan 21 16:55:13 BRT 2014, 7dea558e6d202c9dbf34e15077d5c9c8db594bf9, 120, 0, 25, 3, 0, 0, 0, 0, 0, 1659
rocksdb, Sun Jan 26 22:40:43 BRT 2014, e55b3c040cc17a17e42afc5c5204394ff96babf5, 115, 0, 25, 3, 0, 0, 0, 0, 0, 1694
rocksdb, Sat Feb 01 00:44:48 BRT 2014, 5661ed8b8083b9d31a9e512a5cd6c2a32e395428, 118, 0, 28, 4, 0, 0, 0, 0, 0, 1491
rocksdb, Thu Feb 06 01:56:14 BRT 2014, 84f8185fc0617b58873081ceb779b44de15650c8, 122, 0, 27, 3, 0, 0, 0, 0, 0, 1649
rocksdb, Tue Feb 11 14:46:30 BRT 2014, 33042669f6499fa6ab8741bfef00c066c867ea79, 122, 0, 27, 3, 0, 0, 0, 0, 0, 1515
rocksdb, Tue Feb 18 16:22:16 BRT 2014, 44a9cbda17e1ec37e6937c55b1b28e7e464447d0, 123, 0, 30, 4, 0, 0, 0, 0, 0, 1616
rocksdb, Mon Feb 24 17:29:26 BRT 2014, c9244dcba641648f63327429fe84324aa08331c4, 122, 0, 27, 3, 0, 0, 0, 0, 0, 1884
rocksdb, Sun Mar 02 04:40:08 BRT 2014, 1aeafeccace59a901f5c51ce42baf896c8178782, 124, 0, 28, 4, 0, 0, 0, 0, 0, 1520
rocksdb, Fri Mar 07 14:14:34 BRT 2014, 056a0286d279239c279d1e430e7a4b8619f4a337, 125, 0, 28, 4, 0, 0, 0, 0, 0, 1666
rocksdb, Wed Mar 12 14:17:41 BRT 2014, dff9214165b69faa4541ad986f8b98258cced671, 127, 0, 31, 5, 0, 0, 0, 0, 0, 1754
rocksdb, Mon Mar 17 16:21:05 BRT 2014, e0c1211555b8b5ce7307532be229fe3895a23272, 127, 0, 31, 5, 0, 0, 0, 0, 0, 1524
rocksdb, Mon Mar 24 01:49:14 BRT 2014, 48bc0c6ad39b69ba118435e1bcfc69b23606cb10, 130, 0, 28, 5, 7, 0, 0, 0, 0, 1780
rocksdb, Sat Mar 29 14:34:47 BRT 2014, 8a139a054c4c194368fb010245a407e9e12b6be3, 129, 0, 28, 5, 7, 0, 0, 0, 0, 1735
rocksdb, Thu Apr 03 14:46:55 BRT 2014, 47ccf71b4f37a5710f7cf5cc4abe8ab3cdebbc23, 129, 0, 28, 5, 7, 0, 0, 0, 0, 1588
rocksdb, Tue Apr 08 14:58:07 BRT 2014, 92c1eb0291d7c42459110bc1eb32fc7017bce84e, 131, 0, 31, 6, 7, 0, 0, 0, 0, 1654
rocksdb, Mon Apr 14 13:34:59 BRT 2014, 539dd207df0283bbb218806cd317cd883ef21fff, 130, 0, 38, 6, 7, 0, 0, 0, 0, 1754
rocksdb, Sat Apr 19 16:55:28 BRT 2014, 1d6c1e018fe5e7048af92433094716bd00b8c61a, 121, 0, 38, 6, 7, 0, 0, 0, 0, 1494
rocksdb, Thu Apr 24 17:43:57 BRT 2014, 05979493d6d96fdc48628bbcc741c5885b95124a, 123, 2, 42, 6, 7, 0, 0, 0, 0, 1684
rocksdb, Tue Apr 29 18:29:45 BRT 2014, 2b7cf03e0d6d8789c30a931987aecb6167886641, 124, 2, 39, 6, 7, 0, 0, 0, 0, 1809
rocksdb, Sun May 04 19:52:23 BRT 2014, 3a171dcb517cfdf642b9a9b53529a9fe2bc03672, 126, 2, 39, 6, 7, 0, 0, 0, 0, 1566
rocksdb, Fri May 09 19:58:39 BRT 2014, 030db3d17e0f906c4a6bc04473b2247290d98c14, 126, 2, 39, 6, 7, 0, 0, 0, 0, 1679
rocksdb, Wed May 14 20:08:02 BRT 2014, cdc53dc120446e2a88b2fd105abf6b9a65e488a8, 126, 2, 39, 6, 7, 0, 0, 0, 0, 1764
rocksdb, Tue May 20 18:22:12 BRT 2014, c2fda55cfe14918ac4f67f43c885ec2749dab88d, 135, 2, 39, 6, 7, 0, 0, 0, 0, 1604
rocksdb, Tue May 27 15:54:02 BRT 2014, 05dd018353aeb9448ccd02fb954389cb28090086, 136, 2, 39, 6, 7, 0, 0, 0, 0, 1770
rocksdb, Mon Jun 02 14:12:41 BRT 2014, 593bb2c40bf82a4d4bdba21a3fa965d8e3f6022b, 136, 2, 39, 6, 7, 0, 0, 0, 0, 2073
rocksdb, Sat Jun 07 21:27:03 BRT 2014, 3e701a654f896200fbc7a70b175183c6e97292c4, 136, 2, 39, 6, 7, 0, 0, 0, 0, 1856
rocksdb, Thu Jun 12 23:03:22 BRT 2014, 0f0076ed5abd1540dd0b7af5d51cde529c178d52, 138, 2, 39, 6, 7, 0, 0, 0, 0, 1845
rocksdb, Tue Jun 17 23:23:47 BRT 2014, df2701373d6247c540b8818e2c14c1b1f02c8cfe, 137, 2, 39, 6, 7, 0, 0, 0, 0, 1816
rocksdb, Mon Jun 23 14:46:16 BRT 2014, a1b5650a75230d4d615ef17c21ff757bdf78d3f9, 140, 2, 39, 6, 7, 0, 0, 0, 0, 1643
rocksdb, Sat Jun 28 15:22:33 BRT 2014, abf99203864a9832a52937a044150cc648d3cf6a, 140, 2, 39, 6, 7, 0, 0, 0, 0, 1738
rocksdb, Thu Jul 03 18:03:24 BRT 2014, 4203431e71ff9752f66bde116901592f8602d977, 140, 2, 42, 6, 7, 0, 0, 0, 0, 1843
rocksdb, Tue Jul 08 19:15:00 BRT 2014, 73d71470966b2681e802a9edcc81094b0a196d3c, 143, 2, 42, 6, 7, 0, 0, 0, 0, 1839
rocksdb, Mon Jul 14 10:56:52 BRT 2014, ee6b35e55a9236166418c5758d2186c718289210, 144, 2, 42, 6, 7, 0, 0, 0, 0, 1624
rocksdb, Sun Jul 20 11:56:40 BRT 2014, 54f4e2f18854593daabbb48f9859b6024cac3e8f, 145, 2, 42, 6, 7, 0, 0, 0, 0, 1707
rocksdb, Fri Jul 25 14:29:50 BRT 2014, 28b367db15f444c172260b2247b4a782ba387049, 156, 2, 44, 6, 9, 0, 0, 0, 0, 1837
rocksdb, Wed Jul 30 17:53:08 BRT 2014, 76286ee67ef4b89579a92134b996a681c36a1331, 158, 2, 44, 6, 9, 0, 0, 0, 0, 1915
rocksdb, Tue Aug 05 15:24:01 BRT 2014, 02c402366613c106b79a84bb28a1ce56b9b43ed5, 158, 2, 44, 6, 9, 0, 0, 0, 0, 1744
rocksdb, Mon Aug 11 14:47:52 BRT 2014, d3f2ec694f4fb6c7385a6eea943f6844244dd5c2, 158, 2, 44, 6, 9, 0, 0, 0, 0, 1697
rocksdb, Mon Aug 18 12:09:30 BRT 2014, c8ecfaedd0fefa3aa23f82f04a846845f6a170f8, 157, 2, 44, 6, 7, 0, 0, 0, 0, 1858
rocksdb, Sat Aug 23 14:02:21 BRT 2014, 050869177e4c610e24be3a09766e7300526d8528, 158, 2, 44, 6, 7, 0, 0, 0, 0, 1889
rocksdb, Thu Aug 28 14:06:28 BRT 2014, d977e55596e71491e1d3bc803c37f479570f50e9, 158, 2, 44, 6, 7, 0, 0, 0, 0, 1988
rocksdb, Tue Sep 02 14:50:15 BRT 2014, 990df99a610def4378be69465a407703b441b19b, 158, 2, 44, 6, 7, 0, 0, 0, 0, 1992
rocksdb, Mon Sep 08 00:10:17 BRT 2014, 823773837ba275d23af107a3e1499915e625e823, 160, 2, 44, 6, 7, 0, 0, 0, 0, 1897
rocksdb, Sat Sep 13 18:06:22 BRT 2014, 04ce1b25f3d7623c62cd5771cd8391d02da7e31a, 165, 2, 44, 6, 7, 0, 0, 0, 0, 1910
rocksdb, Fri Sep 19 01:09:44 BRT 2014, adae3ca1fe3f090f3814763942450a0533b66395, 167, 2, 44, 6, 7, 0, 0, 0, 0, 1691
rocksdb, Wed Sep 24 15:43:35 BRT 2014, 1dfb7bb980175e0025af09cabc771aadbe7f01c9, 167, 2, 44, 6, 7, 0, 0, 0, 0, 1775
rocksdb, Mon Sep 29 16:14:18 BRT 2014, 7506198da25273d0323be2a8db89390d85dc138c, 169, 2, 44, 6, 7, 0, 0, 0, 0, 1850
rocksdb, Sat Oct 04 18:38:37 BRT 2014, b87db071523a20af9ccee157ebe520e76089e24f, 169, 2, 44, 6, 7, 0, 0, 0, 0, 1917
rocksdb, Fri Oct 10 00:07:12 BRT 2014, b7d3d6ebc58d3fd2576e09c47b72d8d1ca763bb0, 169, 2, 44, 6, 7, 0, 0, 0, 0, 1902
rocksdb, Wed Oct 15 14:56:50 BRT 2014, ca250d71a1bffd5efdd21601e20fceea2aaaccff, 170, 2, 44, 6, 7, 0, 0, 0, 0, 1907
rocksdb, Mon Oct 20 17:42:32 BRT 2014, 2c1bd8846f2abea1375d37fbb24e64c811b30e0f, 174, 2, 43, 6, 7, 0, 0, 0, 0, 1958
rocksdb, Sun Oct 26 09:27:43 BRT 2014, a1bae76c87c871213b6cb2c00bf7b2a36c2a648d, 171, 2, 44, 6, 7, 0, 0, 0, 0, 1701
rocksdb, Fri Oct 31 12:48:19 BRT 2014, 4d2ba38b6508f464e0e8b295ffe7ed7ee4752386, 175, 2, 43, 6, 7, 0, 0, 0, 0, 1737
rocksdb, Wed Nov 05 13:51:38 BRT 2014, eeb9cf6c42a1547f84a1cb282de99c3770d4bbec, 181, 2, 46, 6, 7, 0, 0, 0, 0, 1894
rocksdb, Mon Nov 10 16:01:28 BRT 2014, dd726a59efc51b4bd4566fb6c578634a34306747, 180, 2, 46, 6, 7, 0, 0, 0, 0, 1920
rocksdb, Sat Nov 15 16:12:04 BRT 2014, b8d5e3f08e075fb37af73fdd9dceb7d369f38dd7, 184, 2, 44, 6, 7, 0, 0, 0, 0, 1936
rocksdb, Thu Nov 20 16:45:30 BRT 2014, a564be715da5651ac442e7922a1d5fe3515fc054, 186, 2, 44, 6, 7, 0, 0, 0, 0, 2383
rocksdb, Tue Nov 25 16:52:46 BRT 2014, 335e6ad5cd38e5a595f62840704f7ffa4195448e, 189, 2, 44, 6, 7, 0, 0, 0, 0, 1945
rocksdb, Mon Dec 01 00:00:31 BRT 2014, 2067058a608be3bb070523f598d124deb39b18aa, 194, 2, 44, 6, 7, 0, 0, 0, 0, 1957
rocksdb, Sat Dec 06 02:34:20 BRT 2014, 8c5781666ecca4a2b8a58e97ea7b7c4c0575aa0f, 192, 2, 44, 6, 7, 0, 0, 0, 0, 1991
rocksdb, Thu Dec 11 19:15:13 BRT 2014, 74b3fb6d97c402f8a22685fe3df5a26eca140fa6, 192, 2, 44, 6, 7, 0, 0, 0, 0, 1900
rocksdb, Tue Dec 16 21:57:22 BRT 2014, 7661e5a76e58eef0fb360f00de94301ad6cab40c, 193, 2, 44, 6, 7, 0, 0, 0, 0, 1958
rocksdb, Mon Dec 22 02:36:16 BRT 2014, 949bd71fd0f1dac2cec92e21815b5163e897624e, 193, 2, 44, 6, 7, 0, 0, 0, 0, 1946
rocksdb, Sun Dec 28 13:37:57 BRT 2014, 45e43b81df353284a48e1eb6db3611480dd133aa, 197, 2, 44, 6, 7, 0, 0, 0, 0, 2149
rocksdb, Sat Jan 03 11:52:07 BRT 2015, ef5b34dee0fe7276b893a536a68d15e089f79657, 197, 2, 44, 6, 7, 0, 0, 0, 0, 2195
rocksdb, Thu Jan 08 22:51:08 BRT 2015, 9132e52ea4fd60886616cbec6c412f88117333fa, 195, 2, 44, 6, 7, 0, 0, 0, 0, 1956
rocksdb, Tue Jan 13 23:19:26 BRT 2015, 2ccc54301da8e7ee518dd0cd3f89abed8e1f770a, 197, 2, 44, 6, 7, 0, 0, 0, 0, 1973
rocksdb, Mon Jan 19 18:19:58 BRT 2015, 4ffe0be41452b27191ea7cb04e090979a014fcdf, 197, 2, 46, 6, 7, 0, 0, 0, 0, 2261
rocksdb, Sat Jan 24 19:38:43 BRT 2015, 7ffcc457ffad8abd6938296185a0fb8ea292a906, 197, 2, 46, 6, 7, 0, 0, 0, 0, 1979
rocksdb, Thu Jan 29 21:33:11 BRT 2015, 2fd8f750ab05bd100b627f1e043603d1069246ed, 196, 2, 43, 5, 7, 0, 0, 0, 0, 1997
rocksdb, Tue Feb 03 22:53:05 BRT 2015, 756e1f151e4768a3adfbe067849d25130f4708ca, 196, 2, 43, 5, 7, 0, 0, 0, 0, 1882
rocksdb, Mon Feb 09 03:53:11 BRT 2015, bbb52b21f378e6c4099be6cc2694411617cac813, 197, 2, 43, 5, 7, 0, 0, 0, 0, 2255
rocksdb, Tue Feb 17 13:03:45 BRT 2015, e7c434c3647c2d7560473edd54cbb2dd88ea1575, 193, 2, 54, 5, 7, 0, 0, 0, 0, 1936
rocksdb, Mon Feb 23 16:59:39 BRT 2015, a047409ae919ea6cfffa3d87d57175378bfbf3f6, 198, 2, 43, 5, 7, 0, 0, 0, 0, 1876
rocksdb, Sat Feb 28 18:38:58 BRT 2015, 04778a94c5721c7e5de303b7bd5375efaf1710da, 194, 2, 54, 5, 7, 0, 0, 0, 0, 1988
rocksdb, Fri Mar 06 02:34:23 BRT 2015, 492f6d27ed82e63c710a7a0a679a6060e494b21f, 193, 2, 54, 5, 7, 0, 0, 0, 0, 1953
rocksdb, Wed Mar 11 14:31:02 BRT 2015, 284be570c8de322cf27b66723a6cfb324ae37081, 193, 2, 54, 5, 7, 0, 0, 0, 0, 2003
rocksdb, Mon Mar 16 15:50:23 BRT 2015, 56337faf3e76120980026669f6689836179f5966, 195, 2, 54, 5, 7, 0, 0, 0, 0, 2038
rocksdb, Sun Mar 22 14:30:51 BRT 2015, fd8804f9797a801cc800e5c84111e0ec929e8545, 197, 2, 54, 5, 7, 0, 0, 0, 0, 2200
rocksdb, Fri Mar 27 15:32:49 BRT 2015, cfa576402c42a7fe98089cfa02e6b8b64a9aef03, 197, 2, 54, 5, 7, 0, 0, 0, 0, 2234
rocksdb, Wed Apr 01 20:55:08 BRT 2015, d0695f3e2684cc83f02355af78beb6909305db80, 200, 2, 55, 6, 7, 0, 0, 0, 0, 2165
rocksdb, Mon Apr 06 21:16:40 BRT 2015, f12614070fb233402062ccd30454b6d2247b7ac2, 200, 2, 55, 6, 7, 0, 0, 0, 0, 2311
rocksdb, Sun Apr 12 04:02:21 BRT 2015, 894e9f745441e0b6c6df27f05d6808e19f77876f, 200, 2, 55, 6, 7, 0, 0, 0, 0, 2206
rocksdb, Fri Apr 17 16:07:47 BRT 2015, b5400f90fe3eb217707fcb4e3a48cf11be352b94, 199, 0, 51, 6, 7, 0, 0, 0, 0, 2188
rocksdb, Wed Apr 22 16:47:50 BRT 2015, 6a5ffee0cc731906722dbe1001555e2d6522756b, 200, 0, 51, 6, 7, 0, 0, 0, 0, 2218
rocksdb, Mon Apr 27 19:20:02 BRT 2015, 1bb4928da9fba1e88500bb39d5a556ccbb3d580e, 200, 0, 51, 6, 7, 0, 0, 0, 0, 2510
rocksdb, Mon May 04 19:27:59 BRT 2015, 9bdbaab94f27fc9e94a0731f5ff57638fcd08b4f, 200, 0, 51, 6, 7, 0, 0, 0, 0, 2178
rocksdb, Mon May 11 18:51:51 BRT 2015, 711465ccec9f50efc79c2aecc4ca791a560adbc5, 201, 0, 51, 6, 7, 0, 0, 0, 0, 2182
rocksdb, Mon May 18 15:47:16 BRT 2015, fb5bdbf9875bb2c9b583b82eb6d881ac2c39ddc7, 202, 0, 51, 6, 10, 0, 0, 0, 0, 2379
rocksdb, Mon May 25 21:37:33 BRT 2015, c2f2cb02142109dc411085e833f6a2265776fd32, 225, 2, 51, 6, 7, 0, 0, 0, 0, 2481
rocksdb, Sun May 31 14:34:34 BRT 2015, a187e66ad0f7073aec40c2c7125585fce98ff46d, 207, 0, 51, 6, 10, 0, 0, 0, 0, 2119
rocksdb, Fri Jun 05 15:05:35 BRT 2015, 7647df8f9ea71d0cf06334b3177c8ffbafeffc9e, 211, 0, 51, 6, 10, 0, 0, 0, 0, 2125
rocksdb, Wed Jun 10 16:04:21 BRT 2015, d03f110904682a340137af07264eb8e148e3477d, 211, 0, 51, 6, 10, 0, 0, 0, 0, 2325
rocksdb, Wed Jun 17 02:26:34 BRT 2015, f06be62fd2d1c71a47457e470b5f776bd00613a1, 211, 0, 51, 6, 10, 0, 0, 0, 0, 2258
rocksdb, Mon Jun 22 13:31:52 BRT 2015, 7160f5d80cab4ccbb0959e453e57ec20ac25f3ce, 211, 0, 51, 6, 10, 0, 0, 0, 0, 2182
rocksdb, Mon Jun 29 15:43:25 BRT 2015, 09f5a4b486f4ebd93cdf9efde78906d85ab164e2, 211, 0, 51, 6, 10, 0, 0, 0, 0, 2199
rocksdb, Mon Jul 06 08:24:09 BRT 2015, b6655a679d11f42ce9a4915f54d7995f85b7556a, 213, 1, 51, 6, 10, 0, 0, 0, 0, 2185
rocksdb, Sat Jul 11 13:54:33 BRT 2015, 76d3cd328659809584e50bd195a3f03d2aa659c8, 217, 2, 51, 6, 7, 0, 0, 0, 0, 2317
rocksdb, Thu Jul 16 16:10:16 BRT 2015, d1a457181d0eedd7573d629e7acb46281a16b478, 220, 2, 51, 6, 7, 0, 0, 0, 0, 2231
rocksdb, Tue Jul 21 21:04:00 BRT 2015, 02b635fa3854d652ab87d3e176c005daf5037db4, 221, 2, 51, 6, 7, 0, 0, 0, 0, 2378
rocksdb, Mon Jul 27 18:25:57 BRT 2015, 1bdfcef7bf37b4dfc171e0588bb2d0fa5385a8d0, 213, 2, 51, 6, 7, 0, 0, 0, 0, 2340
rocksdb, Mon Aug 03 15:01:24 BRT 2015, 47316c2d084a11790f50a1f5a88b306c2928e3c5, 213, 2, 51, 6, 7, 0, 0, 0, 0, 2216
rocksdb, Mon Aug 10 13:21:04 BRT 2015, 2cf0f4f471f8040263fdc5b80cc8a300fba378f6, 220, 2, 51, 6, 7, 0, 0, 0, 0, 2283
rocksdb, Mon Aug 17 21:34:38 BRT 2015, f32a5720994dca9b5d95cec20ec89fce5abb7694, 225, 2, 51, 6, 7, 0, 0, 0, 0, 2271
rocksdb, Mon Aug 24 15:11:12 BRT 2015, 4ab26c5ad163c72501aeedba738d23f139a934b9, 225, 2, 51, 6, 7, 0, 0, 0, 0, 2329
rocksdb, Mon Aug 31 16:37:26 BRT 2015, 57b3a87731050cc3452016dc8cd2d130d1bdbbeb, 225, 2, 51, 6, 7, 0, 0, 0, 0, 2325
rocksdb, Tue Sep 08 13:47:54 BRT 2015, 3a0df7f1619c97fd31d3e85b370fce3ab311f3f4, 226, 2, 51, 6, 7, 0, 0, 0, 0, 2333
rocksdb, Mon Sep 14 15:03:37 BRT 2015, 03ddce9a011720a4e6c1368e5b12a7d80a60f01c, 229, 2, 51, 6, 7, 0, 0, 0, 0, 2433
rocksdb, Sat Sep 19 21:33:06 BRT 2015, 4d6eb52d1a74341ac9fd3433bb3b15dae10ab61c, 230, 3, 51, 6, 7, 0, 0, 0, 0, 2266
rocksdb, Thu Sep 24 22:31:32 BRT 2015, afe0dc539bc550aba0189a34af333d51a23d64a1, 231, 3, 51, 6, 7, 0, 0, 0, 0, 2297
rocksdb, Wed Sep 30 13:51:31 BRT 2015, c29af48d3ead252e42d46367125501834b1cf894, 232, 3, 51, 6, 7, 0, 0, 0, 0, 2454
rocksdb, Mon Oct 05 14:10:11 BRT 2015, bf19dbff44f9cba014ed8dd2973422daaeb4beef, 232, 3, 51, 6, 7, 0, 0, 0, 0, 2751
rocksdb, Sun Oct 11 01:12:25 BRT 2015, 4a7970d751db9b29207bd121693e99c299202f85, 233, 3, 51, 6, 7, 0, 0, 0, 0, 2458
rocksdb, Fri Oct 16 14:47:37 BRT 2015, 2f2de338cc8ca113aadd1d8faa1499684c92b253, 234, 3, 51, 6, 7, 0, 0, 0, 0, 2596
rocksdb, Wed Oct 21 22:34:25 BRT 2015, 980a82ee2fa2c0e16b2278e9f732d50b9df7ce3c, 235, 3, 51, 6, 7, 0, 0, 0, 0, 2171
rocksdb, Mon Oct 26 23:03:34 BRT 2015, 4ce117c4d5ae9f5201b5f4fcfbfad7b93d099ab6, 237, 3, 51, 6, 7, 0, 0, 0, 0, 2189
rocksdb, Mon Nov 02 14:23:39 BRT 2015, 2b42000f4392a1b8f73778d8f220a28875279025, 239, 3, 51, 6, 7, 0, 0, 0, 0, 2537
rocksdb, Sun Nov 08 14:01:26 BRT 2015, f3ca28ab0331ccc116da507f91a3f8c184474cda, 239, 3, 51, 6, 7, 0, 0, 0, 0, 2165
rocksdb, Fri Nov 13 17:01:00 BRT 2015, 2ae4d7d70864ceadc9668f1b7e47d26d839a8f1a, 240, 3, 63, 6, 7, 0, 0, 0, 0, 2178
rocksdb, Wed Nov 18 20:24:28 BRT 2015, c4ebb66d61bc0f07f6b600bc31e784856377fa81, 240, 3, 63, 6, 7, 0, 0, 0, 0, 2323
rocksdb, Mon Nov 23 21:05:09 BRT 2015, 6bbfa1874bf82c01b1b7106f732ab9c721c2fdb8, 242, 3, 69, 6, 7, 0, 0, 0, 0, 2610
rocksdb, Mon Nov 30 15:03:07 BRT 2015, 72930485b5ed2885f7916570a7579d9ef47dc51c, 242, 3, 69, 6, 7, 0, 0, 0, 0, 2205
rocksdb, Mon Dec 07 15:13:58 BRT 2015, 291088ae4e583ccdf4de0881a8762bb5412f7d27, 242, 3, 69, 6, 7, 0, 0, 0, 0, 2365
rocksdb, Mon Dec 14 16:20:34 BRT 2015, 030215bf01e2d239f8136212e261f00dcdcbdb16, 244, 3, 69, 6, 7, 0, 0, 0, 0, 2591
rocksdb, Mon Dec 21 12:55:15 BRT 2015, 24c7dae130ff930042c6d94aab7ce98af63e04ed, 244, 3, 72, 7, 7, 0, 0, 0, 0, 2597
rocksdb, Sun Dec 27 00:50:28 BRT 2015, b79ccbd573742f26979dc7efc95b15cf904a5307, 244, 3, 72, 7, 7, 0, 0, 0, 0, 2584
rocksdb, Mon Jan 04 14:23:33 BRT 2016, 12fa27b4f6de69d058281c4e91f227ca3c19d6bb, 245, 7, 86, 7, 7, 0, 0, 0, 0, 2228
rocksdb, Sat Jan 09 19:11:24 BRT 2016, c7cb1076a6c81362673e9b3aa19830c9224fcb69, 245, 7, 86, 7, 7, 0, 0, 0, 0, 2628
rocksdb, Thu Jan 14 21:55:13 BRT 2016, f7ebc2f34679f803242548a9a5ddff296f2b41c7, 245, 7, 86, 7, 7, 0, 0, 0, 0, 2500
rocksdb, Tue Jan 19 22:24:58 BRT 2016, bcd4ccbc33fbc6e17c73eb996b8f45909e880411, 245, 7, 86, 7, 7, 0, 0, 0, 0, 2706
rocksdb, Mon Jan 25 18:06:11 BRT 2016, 22ecb752dbab4d134fe9891e244924aaae1ff07a, 245, 7, 91, 9, 7, 0, 0, 0, 0, 2447
rocksdb, Sun Jan 31 15:48:43 BRT 2016, 9c2cf9479b1b59b22562a4ee673caf9826199ef3, 247, 7, 91, 9, 7, 0, 0, 0, 0, 2529
rocksdb, Fri Feb 05 17:10:23 BRT 2016, 73a9b0f4ba62b304786f2d12f430fb7b875bbed6, 247, 7, 91, 9, 7, 0, 0, 0, 0, 2570
rocksdb, Wed Feb 10 20:30:47 BRT 2016, 337671b688b06fde07963b440a95de2bc4914b27, 247, 7, 91, 9, 7, 0, 0, 0, 0, 2673
rocksdb, Mon Feb 15 20:55:29 BRT 2016, bd5f842bbad5cf54d8fd38e2f76af52b6be82730, 247, 7, 91, 9, 7, 0, 0, 0, 0, 2596
rocksdb, Mon Feb 22 18:54:58 BRT 2016, eef63ef807eaf13b55d07d044ac35152371963ff, 248, 7, 91, 9, 7, 0, 0, 0, 0, 2473
rocksdb, Mon Feb 29 06:03:24 BRT 2016, 7ca731b12ce69596d7b9fec4a72d44ca8a3913c3, 248, 7, 91, 9, 7, 0, 0, 0, 0, 2676
rocksdb, Mon Mar 07 17:57:19 BRT 2016, 171c8e80b1ebc1537e1f44c1c1f82d9f0ee0037d, 247, 7, 91, 9, 7, 0, 0, 0, 0, 2615
rocksdb, Sat Mar 12 18:50:20 BRT 2016, 08304c0867dba9d9c4ae6ce18bf5317d89f85f51, 248, 7, 91, 9, 7, 0, 0, 0, 0, 2573
rocksdb, Thu Mar 17 19:40:01 BRT 2016, 522de4f59e6314698286cf29d8a325a284d81778, 249, 7, 91, 9, 7, 0, 0, 0, 0, 2435
rocksdb, Tue Mar 22 20:03:31 BRT 2016, 60e34baef22ad2f86059f2aae073aaf7c9d29a38, 249, 7, 91, 9, 7, 0, 0, 0, 0, 2384
rocksdb, Tue Mar 29 17:20:26 BRT 2016, e7c64fb115d255a03cf17f8d54b3f088f29464ca, 249, 7, 91, 9, 7, 0, 0, 0, 0, 2562
rocksdb, Mon Apr 04 12:08:52 BRT 2016, 9278097f8634ebc63a707163a9ec0004212405b0, 250, 8, 91, 9, 7, 0, 0, 0, 0, 2188
rocksdb, Mon Apr 11 15:39:51 BRT 2016, a23c6052c805ae39494fa536bb00ac93ffb2be85, 250, 8, 91, 9, 7, 0, 0, 0, 0, 2376
rocksdb, Mon Apr 18 02:34:56 BRT 2016, 6affd45d8485d242377cfa7ed6d9b29e84b3f79b, 250, 8, 91, 9, 7, 0, 0, 0, 0, 2706
rocksdb, Mon Apr 25 10:27:27 BRT 2016, 995353e46ac52507f721c2e63cd10f9cd5cb36ac, 252, 8, 91, 9, 7, 0, 0, 0, 0, 2405
rocksdb, Mon May 02 14:04:37 BRT 2016, b8cf9130f84ad75a063b94d83a4ac6abb7eacbff, 253, 8, 88, 9, 7, 0, 0, 0, 0, 2734
rocksdb, Mon May 09 15:52:28 BRT 2016, 730f7e2e2190e497400b08d0d8da940aa44b056a, 255, 7, 83, 7, 7, 0, 0, 0, 0, 2597
rocksdb, Mon May 16 20:32:55 BRT 2016, f6aedb62c00c5b43d719f2e8bb622e7681e4bf56, 258, 7, 87, 7, 7, 0, 0, 0, 0, 2819
rocksdb, Mon May 23 08:19:47 BRT 2016, 8f1214531e49c84a4624f1eef0a6a4b6b05eef2f, 262, 7, 99, 9, 7, 0, 0, 0, 0, 2669
rocksdb, Sun May 29 18:26:55 BRT 2016, 590e2617ee9204f465770de69dac48947925a3b4, 264, 7, 99, 9, 7, 0, 0, 0, 0, 2640
rocksdb, Fri Jun 03 19:13:03 BRT 2016, 6e6622abb97a9c6fd6bf70579f16caafb90667db, 265, 7, 99, 9, 7, 0, 0, 0, 0, 2454
rocksdb, Wed Jun 08 19:38:04 BRT 2016, 5091dfc1ed9c1ca0025aeb541b0a43acc073492d, 268, 7, 128, 10, 7, 0, 0, 0, 0, 2459
rocksdb, Mon Jun 13 20:17:26 BRT 2016, 7c919decccfac35a675a906a2347dba09e17420c, 268, 7, 128, 10, 7, 0, 0, 0, 0, 2485
rocksdb, Mon Jun 20 13:46:46 BRT 2016, e87d5df1aebe7a03312ed3b4f30c82be243f3efd, 268, 7, 128, 10, 7, 0, 0, 0, 0, 2654
rocksdb, Mon Jun 27 21:42:14 BRT 2016, a00bf1b3cfa191c866fb1e2fd007c03b8e4b810e, 268, 7, 128, 10, 7, 0, 0, 0, 0, 2507
rocksdb, Mon Jul 04 19:42:33 BRT 2016, 1a11c934d23f0cbac2f2327084883cc140f2c229, 268, 7, 128, 10, 7, 0, 0, 0, 0, 2563
rocksdb, Mon Jul 11 14:43:12 BRT 2016, 8e6b38d895dfdce9ac684c4ac4f1c16d4d831e06, 268, 7, 128, 10, 7, 0, 0, 0, 0, 2631
rocksdb, Sun Jul 17 04:43:34 BRT 2016, 876cb8bfb4bd6ab62616a90607528160a8c65fd9, 268, 7, 128, 10, 7, 0, 0, 0, 0, 2681
rocksdb, Fri Jul 22 05:13:25 BRT 2016, a9d512a76b31c82fa7ffeb3c733a61c1d742fee2, 273, 7, 128, 11, 7, 0, 0, 0, 0, 2964
rocksdb, Wed Jul 27 15:16:55 BRT 2016, 7efd9c25c481fde6574959e7a30cbafa8d667ad6, 273, 7, 128, 11, 7, 0, 0, 0, 0, 2477
rocksdb, Mon Aug 01 16:28:51 BRT 2016, 64046e581cf8f98efdc1c6148710b5c70ede560e, 273, 7, 128, 11, 7, 0, 0, 0, 0, 2578
rocksdb, Mon Aug 08 19:12:48 BRT 2016, 59ddb5059174945f2d39867313b29296b6ac0e05, 280, 7, 138, 17, 7, 0, 0, 0, 0, 2807
rocksdb, Mon Aug 15 13:04:55 BRT 2016, b248e98cf990cb72663c350c8f00704a21bc60db, 281, 7, 138, 16, 7, 0, 0, 0, 0, 2650
rocksdb, Mon Aug 22 14:27:50 BRT 2016, ecf9003860ac1d2a0e1bec5846c40fe24ce61e7e, 283, 7, 145, 16, 7, 0, 0, 0, 0, 2584
rocksdb, Mon Aug 29 00:24:08 BRT 2016, c8513cde0cb007d7a198fa61b8d245a71988281d, 284, 7, 149, 16, 7, 0, 0, 0, 0, 2641
rocksdb, Tue Sep 06 12:41:43 BRT 2016, ce1be2ce3774be8cbacf152d651ff847d8d58295, 283, 7, 152, 16, 7, 0, 0, 0, 0, 2779
rocksdb, Mon Sep 12 15:51:08 BRT 2016, 22d88e24db012639eeafcaa7fa26ab01eb56f952, 283, 7, 152, 16, 7, 0, 0, 0, 0, 2618
rocksdb, Sun Sep 18 02:30:43 BRT 2016, 4c3f4496b5bb1fca208e7efebbf2b0d3ae66ae41, 283, 7, 152, 16, 7, 0, 0, 0, 0, 2520
rocksdb, Fri Sep 23 20:15:14 BRT 2016, 4bc8c88e6b8fdfd34f8d09d8266e464c6717b5ff, 283, 7, 152, 16, 7, 0, 0, 0, 0, 2590
rocksdb, Thu Sep 29 17:19:58 BRT 2016, 26388247aa7f85bdd1f46aca914140333ec16793, 284, 7, 152, 16, 7, 0, 0, 0, 0, 3194
rocksdb, Tue Oct 04 17:49:13 BRT 2016, 01be44181b55a0af946833231b9549d186b9645e, 285, 7, 152, 16, 7, 0, 0, 0, 0, 2531
rocksdb, Mon Oct 10 20:22:10 BRT 2016, 02b3e3985ce55d70f9192799fa2ac5fb248ff0eb, 284, 7, 152, 16, 7, 0, 0, 0, 0, 3645
rocksdb, Mon Oct 17 14:40:30 BRT 2016, 5027dd17a7623a24f8ca854637de8b59f2f9aa1e, 284, 7, 152, 16, 7, 0, 0, 0, 0, 2317
rocksdb, Sun Oct 23 22:43:29 BRT 2016, 99c052a34f93d119b75eccdcd489ecd581d48ee9, 287, 7, 152, 18, 7, 0, 0, 0, 0, 2782
rocksdb, Sat Oct 29 15:54:27 BRT 2016, 25f5742f0b35bb46347b08d36c6caba9819079be, 287, 7, 152, 18, 7, 0, 0, 0, 0, 2305
rocksdb, Thu Nov 03 22:40:23 BRT 2016, f998c9790f8cb78145a67c33da61578fe5051b0f, 287, 7, 152, 18, 7, 0, 0, 0, 0, 2691
rocksdb, Wed Nov 09 15:37:51 BRT 2016, 9bd191d2f40bd775f010585025e47acde8e288c7, 287, 7, 152, 18, 7, 0, 0, 0, 0, 2699
rocksdb, Mon Nov 14 22:35:17 BRT 2016, 6c5795200297e57259d2ec88dfeced2f09f575b8, 287, 7, 155, 18, 7, 0, 0, 0, 0, 7608
rocksdb, Sun Nov 20 23:14:33 BRT 2016, a0deec960f3a8190831c673e5ba998fe6fb7ea90, 292, 10, 164, 19, 7, 0, 0, 0, 0, 7027
rocksdb, Mon Nov 28 15:12:28 BRT 2016, 236d4c67e94bff85c952044e150a9c0b05e4e64b, 292, 10, 161, 19, 7, 0, 0, 0, 0, 6358
rocksdb, Mon Dec 05 19:09:35 BRT 2016, 9053fe2a5c9b1c4b8ffdfbc59f3855360d97b0ec, 290, 10, 161, 19, 7, 0, 0, 0, 0, 2480
rocksdb, Mon Dec 12 17:38:43 BRT 2016, f0c509e2c8aff5cf5e42d468164063186f0f202f, 290, 10, 161, 19, 7, 0, 0, 0, 0, 2720
rocksdb, Mon Dec 19 16:41:20 BRT 2016, 296691847d0e3c15a315680d0913284ce18767f8, 290, 10, 161, 19, 7, 0, 0, 0, 0, 2564
rocksdb, Tue Dec 27 20:47:43 BRT 2016, 548b6280541554d72cb26210f67d167d6e71a0eb, 290, 10, 161, 19, 7, 0, 0, 0, 0, 2373
rocksdb, Tue Jan 03 20:42:54 BRT 2017, c963460dbc9221fd7538616c2fa5a1257939952d, 290, 10, 165, 19, 7, 0, 0, 0, 0, 2624
rocksdb, Mon Jan 09 16:40:20 BRT 2017, 60c509ff183ad23333c4e237b375aafa9747056a, 290, 10, 165, 19, 7, 0, 0, 0, 0, 2768
rocksdb, Sun Jan 15 18:11:04 BRT 2017, 324a0f988eec725af7618af6b91f3b4b6980b497, 290, 10, 165, 19, 7, 0, 0, 0, 0, 2584
rocksdb, Fri Jan 20 18:11:13 BRT 2017, 5ac97314e70eb7fcfbb6965c938766ae5dc6d6da, 290, 10, 165, 19, 7, 0, 0, 0, 0, 2469
rocksdb, Wed Jan 25 19:03:49 BRT 2017, a7b13919bfd21db128c5ddd1f080bc0ecb77633c, 290, 10, 165, 19, 7, 0, 0, 0, 0, 2730
rocksdb, Tue Jan 31 22:30:20 BRT 2017, ec79a7b53c4f3185190080b5c8be0a7d24df2a7e, 290, 10, 165, 20, 7, 0, 0, 0, 0, 2815
rocksdb, Mon Feb 06 19:42:38 BRT 2017, 1aaa898cf13d435e53e434db713f17afddaf28ce, 290, 10, 165, 20, 7, 0, 0, 0, 0, 2584
rocksdb, Mon Feb 13 03:53:42 BRT 2017, 0227c16d67d784ca5c2342d008a4e92d3f4bb1ec, 291, 10, 169, 20, 7, 0, 0, 0, 0, 2630
rocksdb, Sat Feb 18 16:54:49 BRT 2017, ebc8a799801d1eed26d9042c95b879fc83aa0b3f, 291, 10, 169, 18, 7, 0, 0, 0, 0, 2642
rocksdb, Thu Feb 23 17:03:28 BRT 2017, 1ba2804b7fae62a179ed1be1deb99981329f2b14, 289, 10, 169, 20, 7, 0, 0, 0, 0, 17025
rocksdb, Tue Feb 28 19:11:01 BRT 2017, ba4c77bd6b16ea493c555561ed2e59bdc4c15fc0, 290, 10, 174, 20, 7, 0, 0, 0, 0, 3619
rocksdb, Sun Mar 05 23:01:28 BRT 2017, 534581a356c2cb544028c6b32179fdcba37d85fb, 293, 10, 178, 20, 7, 0, 0, 0, 0, 2604
rocksdb, Mon Mar 13 13:41:30 BRT 2017, e6725e8c8d7735e2e5fe0efa898b51d7448d8e4c, 293, 10, 181, 20, 7, 0, 0, 0, 0, 2210
rocksdb, Mon Mar 20 16:52:20 BRT 2017, 21d8c317966fb3ad0bae8cc03f16c505f2c0792f, 294, 10, 184, 20, 7, 0, 0, 0, 0, 2577
rocksdb, Mon Mar 27 17:57:07 BRT 2017, 69c8d524a35d6eded518bdc51b29caa73ca43220, 294, 10, 184, 20, 7, 0, 0, 0, 0, 2279
rocksdb, Mon Apr 03 13:58:35 BRT 2017, b6d6090630b258121e58ed40837d8c15bc68fe0f, 294, 10, 184, 20, 7, 0, 0, 0, 0, 2450
rocksdb, Sun Apr 09 15:15:35 BRT 2017, 04abb2b2ddc308ab03f55ea9a1e08b62667d6e39, 295, 10, 184, 22, 7, 0, 0, 0, 0, 3031
rocksdb, Fri Apr 14 22:43:32 BRT 2017, 6e8d6f429dd28324002f143ae593435d4a80e26f, 295, 10, 184, 22, 7, 0, 0, 0, 0, 2930
rocksdb, Thu Apr 20 12:34:42 BRT 2017, 8f61967881102d151659dbba4257a53178595650, 295, 10, 184, 24, 7, 0, 0, 0, 0, 2588
rocksdb, Wed Apr 26 05:09:05 BRT 2017, 3b4d1b7a446dcf7cc6937db4f61734f7b0093a09, 296, 10, 184, 24, 7, 0, 0, 0, 0, 3074
rocksdb, Mon May 01 20:01:16 BRT 2017, 0b90aa951533a8ed58ea828ac946da0beda6d50f, 296, 10, 184, 24, 7, 0, 0, 0, 0, 2851
rocksdb, Mon May 08 02:12:55 BRT 2017, 2cd00773c729cb1e6d96ca15166ea895666fa1e8, 296, 10, 184, 24, 7, 0, 0, 0, 0, 2770
rocksdb, Mon May 15 14:45:14 BRT 2017, fa5a15ceb5d2b9ec7fc8ed1580a01cd72b896ac9, 305, 11, 191, 26, 7, 0, 0, 0, 0, 3055
rocksdb, Sat May 20 20:34:55 BRT 2017, 4c9d2b10468146f42facb98fbc55d31501036d6a, 305, 11, 191, 26, 7, 0, 0, 0, 0, 2748
rocksdb, Fri May 26 13:50:45 BRT 2017, 6c456ecae73e75e0a4be6d4276b2e83223ecd4df, 306, 11, 184, 26, 7, 0, 0, 0, 0, 2603
rocksdb, Wed May 31 14:45:47 BRT 2017, ad19eb8686b554c86ab9cffe6779aabb6fc42b3c, 306, 11, 187, 27, 7, 0, 0, 0, 0, 2974
rocksdb, Mon Jun 05 15:23:31 BRT 2017, c7662a44a46a5b8f2a78872c8f48d75e25db9f88, 306, 11, 187, 27, 7, 0, 0, 0, 0, 2415
rocksdb, Mon Jun 12 10:32:01 BRT 2017, db818d2d1af4c206748ade9f510bf07c455ad6dc, 306, 11, 187, 27, 7, 0, 0, 0, 0, 2525
rocksdb, Sun Jun 18 16:40:21 BRT 2017, 0d278456c9e94459aa62d50ba18b10bcc166a75f, 311, 11, 187, 27, 7, 0, 0, 0, 0, 2338
rocksdb, Fri Jun 23 22:18:21 BRT 2017, 0ac4afb9750a2bdf27aa710a3ca764301ca64c76, 311, 11, 187, 27, 7, 0, 0, 0, 0, 2579
rocksdb, Thu Jun 29 01:26:03 BRT 2017, 397ab11152e292c52addb24cc6751dd6d6cfdc6e, 312, 11, 187, 27, 7, 0, 0, 0, 0, 2368
rocksdb, Wed Jul 05 15:07:29 BRT 2017, f6b9d9355e1c9a2e2ec1168976956eea2d82248c, 313, 11, 187, 27, 7, 0, 0, 0, 0, 2544
rocksdb, Mon Jul 10 16:08:16 BRT 2017, 643b787c7bdd8af46c29fd99c3d6e93005884099, 313, 11, 187, 27, 7, 0, 0, 0, 0, 2548
rocksdb, Sat Jul 15 20:03:42 BRT 2017, 3c327ac2d0fd50bbd82fe1f1af5de909dad769e6, 314, 11, 187, 27, 7, 0, 0, 0, 0, 2666
rocksdb, Fri Jul 21 00:28:43 BRT 2017, 63163a8c6eb12b03608a80216ea169e5b0b022c8, 314, 11, 187, 27, 7, 0, 0, 0, 0, 2512
rocksdb, Wed Jul 26 13:33:07 BRT 2017, 2289d381153890e715718f6215909bdfc0e1224c, 318, 11, 187, 27, 7, 0, 0, 0, 0, 2437
rocksdb, Mon Jul 31 16:00:02 BRT 2017, a84cee8127a0e9724b26e7d1d527f220c358c328, 316, 11, 188, 27, 9, 0, 0, 0, 0, 2686
rocksdb, Sat Aug 05 21:17:48 BRT 2017, c9804e007a4e33349a796f0c2b70648e335b6827, 316, 11, 188, 27, 22, 0, 0, 0, 0, 2536
rocksdb, Thu Aug 10 21:53:54 BRT 2017, b87ee6f7736a0e22cb72b188c1167eab38b25a09, 316, 11, 188, 27, 22, 0, 0, 0, 0, 2905
rocksdb, Wed Aug 16 20:49:11 BRT 2017, eb6425303eb2474009a1a3a4857d7e49ccd19820, 316, 11, 188, 27, 22, 0, 0, 0, 0, 2465
rocksdb, Mon Aug 21 21:09:20 BRT 2017, 867fe92e5e65ce501069aa22c538757acfaade34, 316, 11, 188, 27, 22, 0, 0, 0, 0, 2439
rocksdb, Sun Aug 27 11:27:22 BRT 2017, 2972a702a418139edf56c71ecafcef8e176552c5, 316, 11, 195, 27, 22, 0, 0, 0, 0, 2732
rocksdb, Fri Sep 01 14:46:26 BRT 2017, 3b9a000c15792b082d406e002d6fe09a9caa295f, 320, 11, 195, 27, 22, 0, 0, 0, 0, 2332
rocksdb, Wed Sep 06 15:28:19 BRT 2017, 10ddd59ba7007902a26c8078d1e5488caa5cee64, 320, 11, 195, 27, 22, 0, 0, 0, 0, 2582
rocksdb, Mon Sep 11 15:31:47 BRT 2017, 2a5915049ea917a677278a1a002725633bb0cd33, 321, 11, 198, 28, 22, 0, 0, 0, 0, 2501
rocksdb, Mon Sep 18 18:36:53 BRT 2017, 60beefd6e043967165af2d2d8944fefa580a2383, 321, 11, 198, 28, 25, 0, 0, 0, 0, 2655
rocksdb, Mon Sep 25 19:46:52 BRT 2017, 4748911357ac1e476b6f1ecb9fb694fa9bf2a7b7, 321, 11, 198, 28, 25, 0, 0, 0, 0, 2417
rocksdb, Mon Oct 02 13:40:00 BRT 2017, 2a3363d52eab5d1f83fa45fbd6b295c9a66061a4, 321, 16, 211, 28, 25, 0, 0, 0, 0, 2566
rocksdb, Mon Oct 09 20:18:40 BRT 2017, 5a38e18627d42bd79fedd7a7e0180799397d8469, 322, 16, 214, 29, 25, 0, 0, 0, 0, 2481
rocksdb, Mon Oct 16 22:29:50 BRT 2017, 731895214bb729f4b748c8051d2d4c81927ff47f, 325, 16, 214, 29, 25, 0, 0, 0, 0, 2640
rocksdb, Mon Oct 23 18:20:22 BRT 2017, 63822eb761a1c45d255e5676512153d213698b7c, 326, 16, 214, 29, 25, 0, 0, 0, 0, 2671
rocksdb, Sun Oct 29 01:56:50 BRT 2017, 792ef10ca85e7525869838065cfe4d3a1558ee7f, 327, 16, 214, 29, 33, 0, 0, 0, 0, 2627
rocksdb, Fri Nov 03 02:12:17 BRT 2017, 30e4e01e051ceb3ddfb418e98db9783efc25210c, 329, 16, 214, 29, 34, 0, 0, 0, 0, 2771
rocksdb, Wed Nov 08 18:08:15 BRT 2017, ca75f0a64a0d2aa0fb8517d6827b5e1d639e64f3, 329, 16, 214, 29, 34, 0, 0, 0, 0, 2615
rocksdb, Mon Nov 13 23:03:57 BRT 2017, 42564ada5374787b0087206194f8880950958395, 329, 16, 223, 30, 34, 0, 0, 0, 0, 2462
rocksdb, Sun Nov 19 14:59:38 BRT 2017, 0996e140bd4da46ce46049c9fd1eae61f3541dee, 329, 17, 226, 30, 34, 0, 0, 0, 0, 2571
rocksdb, Fri Nov 24 16:50:42 BRT 2017, f0dde49cda71f61ccf36f3fc19428cc9bf930e13, 329, 17, 226, 30, 34, 0, 0, 0, 0, 2514
rocksdb, Thu Nov 30 03:48:55 BRT 2017, ffacaaa3ea4c9ab62114ee72eaa300ed61ae65dd, 329, 17, 226, 30, 33, 0, 0, 0, 0, 2694
rocksdb, Tue Dec 05 20:05:41 BRT 2017, a37d7345966d30c9a552537551818b9159054fce, 331, 17, 226, 30, 33, 0, 0, 0, 0, 2427
rocksdb, Mon Dec 11 16:48:47 BRT 2017, 6a183d1ae82fe6a1098a308396fd663b28f70f16, 331, 17, 226, 30, 33, 0, 0, 0, 0, 2694
rocksdb, Mon Dec 18 13:03:18 BRT 2017, a6d3c762df2dc40c913ee6c460ad1b7d2f7363bd, 332, 17, 226, 30, 33, 0, 0, 0, 0, 2495
rocksdb, Tue Jan 02 15:34:51 BRT 2018, ccc095a016fc2c1b0deb1ab6dbac4671d1a77dc5, 332, 17, 226, 30, 32, 0, 0, 0, 0, 2672
rocksdb, Mon Jan 08 17:20:48 BRT 2018, 398d72fa614b809cc4df153092e0665b57b170d2, 332, 17, 226, 30, 32, 0, 0, 0, 0, 2939
rocksdb, Tue Jan 16 15:57:56 BRT 2018, d0f1b49ab600bdfb37e1226c03fed5ae4ab2da7b, 332, 17, 226, 30, 32, 0, 0, 0, 0, 2676
rocksdb, Mon Jan 22 19:37:37 BRT 2018, c615689bb54d80b744ea90a62e11dd2b5592b34a, 332, 17, 226, 30, 32, 0, 0, 0, 0, 2476
rocksdb, Mon Jan 29 12:36:05 BRT 2018, 46acdc98838f4545e70751d09be2b507aa90f253, 332, 17, 226, 30, 32, 0, 0, 0, 0, 2782
rocksdb, Sat Feb 03 23:25:28 BRT 2018, c3401846ef334ab06f9f36d0a3252005b96b7991, 332, 17, 226, 30, 29, 0, 0, 0, 0, 2465
rocksdb, Fri Feb 09 17:09:55 BRT 2018, 945f618ba5937bf494b14c930926eb58f687f27c, 332, 17, 226, 30, 29, 0, 0, 0, 0, 2470
rocksdb, Thu Feb 15 16:01:42 BRT 2018, 6a30b98fdcfffac4a931f4669f79d6f2b2d09374, 332, 17, 226, 30, 29, 0, 0, 0, 0, 2430
rocksdb, Tue Feb 20 21:41:54 BRT 2018, 5263da639644ecc9b5c6b098ed0853d405c1151d, 332, 17, 226, 30, 29, 0, 0, 0, 0, 2700
rocksdb, Mon Feb 26 18:44:25 BRT 2018, 7eb292da144f319638ade09127e58eaec286f93a, 332, 17, 230, 30, 29, 0, 0, 0, 0, 2498
rocksdb, Mon Mar 05 15:48:29 BRT 2018, 680864ae5465f485ab0e53bec9f8f102d63357c1, 332, 17, 241, 31, 29, 0, 0, 0, 0, 2541
rocksdb, Tue Mar 13 15:50:16 BRT 2018, 7153153e4b12d7a84460016a5e0f99abed562d91, 336, 17, 242, 31, 29, 0, 0, 0, 0, 2748
rocksdb, Mon Mar 19 02:39:18 BRT 2018, 1139422dfbdc3cdf290f8b57583563d8c678d559, 336, 17, 242, 31, 29, 0, 0, 0, 0, 2760
rocksdb, Mon Mar 26 14:25:36 BRT 2018, 23f9d93f47685ce3a7ee37ed4f0f2add28e22a6e, 337, 17, 245, 31, 29, 0, 0, 0, 0, 2641
rocksdb, Sun Apr 01 21:04:52 BRT 2018, 8917eee96220ad8842b78e45ae4d50008d7595f2, 337, 17, 245, 31, 29, 0, 0, 0, 0, 2716
rocksdb, Sat Apr 07 01:22:37 BRT 2018, ca87aef82ddcdb1eb808a036c3632974834fbf1a, 337, 17, 250, 31, 29, 0, 0, 0, 0, 2635
rocksdb, Thu Apr 12 15:52:15 BRT 2018, d15397ba10b5ca22f26a03b0e551fea627ddbb9d, 337, 17, 250, 31, 29, 0, 0, 0, 0, 2485
rocksdb, Wed Apr 18 20:25:33 BRT 2018, 6d06be22c083ccf185fd38dba49fde73b644b4c1, 337, 17, 251, 31, 29, 0, 0, 0, 0, 2713
rocksdb, Mon Apr 23 21:53:27 BRT 2018, affe01b0d53303ea8869b17a8ab85d77931810a2, 337, 17, 251, 31, 29, 0, 0, 0, 0, 2646
rocksdb, Mon Apr 30 15:27:25 BRT 2018, 282099fc0f1218d1918749acdf64a75ae7e3442b, 337, 17, 251, 31, 29, 0, 0, 0, 0, 2706
rocksdb, Mon May 07 16:15:54 BRT 2018, d72a51e9e1fbe57a29c7eb3669626a4551890a9b, 338, 17, 251, 31, 29, 0, 0, 0, 0, 2697
rocksdb, Mon May 14 14:53:32 BRT 2018, 718c1c9c1f01ce4a3c0f4ae488e78f583d40a38c, 338, 17, 247, 31, 29, 0, 0, 0, 0, 2724
rocksdb, Mon May 21 13:35:46 BRT 2018, e410501eebe87e31f455f46d7973be2da056c8be, 338, 17, 247, 31, 29, 0, 0, 0, 0, 2740
rocksdb, Mon May 28 15:13:17 BRT 2018, 1c1bafa668a3e1d47614399f949e672dec3eb6c0, 338, 17, 250, 31, 29, 0, 0, 0, 0, 3168
rocksdb, Mon Jun 04 01:28:41 BRT 2018, 4f297ad05fad3a0455020b5b019777c84bb94770, 340, 17, 250, 31, 29, 0, 0, 0, 0, 2873
rocksdb, Tue Jun 12 16:46:48 BRT 2018, 359327535765610173fbee6bff5f2d20295b5dec, 341, 17, 250, 31, 29, 0, 0, 0, 0, 2476
rocksdb, Mon Jun 18 00:54:22 BRT 2018, e750dacffba1cb10818baec0ac8351da7697c062, 341, 17, 250, 31, 29, 0, 0, 0, 0, 2713
rocksdb, Sat Jun 23 20:56:49 BRT 2018, 2729dd72ad7bf0057bb095ecca51be43d1990f7d, 341, 17, 250, 31, 29, 0, 0, 0, 0, 2773
rocksdb, Thu Jun 28 22:46:39 BRT 2018, 8ad63a4b86fe25367f29174036b0baea66165101, 342, 17, 250, 31, 29, 0, 0, 0, 0, 2854
rocksdb, Thu Jul 05 15:32:42 BRT 2018, 39218a72a4fb728bc2892af684b9a9019cb15dd0, 342, 17, 250, 31, 29, 0, 0, 0, 0, 2990
rocksdb, Wed Jul 11 16:24:07 BRT 2018, 440621aab8e2669d5f74985780ed1c2bec2dfbf3, 342, 17, 252, 33, 29, 0, 0, 0, 0, 2470
rocksdb, Mon Jul 16 18:24:33 BRT 2018, 991120fa10716ea371463188f6638d0401c1a935, 343, 17, 252, 33, 29, 0, 0, 0, 0, 2596
rocksdb, Mon Jul 23 14:40:40 BRT 2018, 4b0a43574a64a07a193918725831f0ed244f28bc, 342, 17, 252, 33, 29, 0, 0, 0, 0, 2931
rocksdb, Mon Jul 30 21:35:29 BRT 2018, 8abafb1feb6eebf236a8567a52144829e21836d3, 343, 17, 250, 34, 29, 0, 0, 0, 0, 2516
rocksdb, Sat Aug 04 21:50:01 BRT 2018, a15354d04ec2c0c263a7cea948b7a5c0df4a2b26, 346, 17, 250, 36, 29, 0, 0, 0, 0, 2705
rocksdb, Thu Aug 09 23:37:47 BRT 2018, b271f956c2b1b429ae403a94f8a80d2a7b8d7a75, 346, 17, 250, 36, 30, 0, 0, 0, 0, 2664
rocksdb, Wed Aug 15 18:27:47 BRT 2018, 19ec44fd392beff927cacbd3a976415edb3d27e9, 348, 17, 250, 36, 30, 0, 0, 0, 0, 2962
rocksdb, Mon Aug 20 18:54:03 BRT 2018, d116a1725dd5bd035824d69114fa180fbc991b75, 348, 17, 250, 36, 30, 0, 0, 0, 0, 2927
rocksdb, Mon Aug 27 13:54:32 BRT 2018, 2f871bc85e63ef14bbaecdda7abf88ba8215469c, 348, 17, 250, 36, 30, 0, 0, 0, 0, 2376
rocksdb, Wed Sep 05 17:41:09 BRT 2018, 90f504820799f90c16b6dbb6b3e7a303e499bdc3, 348, 17, 250, 36, 30, 0, 0, 0, 0, 2542
rocksdb, Mon Sep 10 20:45:59 BRT 2018, 3f5282268fc81200c305eff974f4bf912cd0de2a, 348, 17, 250, 36, 30, 0, 0, 0, 0, 2262
rocksdb, Sat Sep 15 23:50:19 BRT 2018, dfda91027b961d8f24190307d3af4ecc46f90723, 348, 17, 250, 36, 30, 0, 0, 0, 0, 2749
rocksdb, Fri Sep 21 20:04:12 BRT 2018, 3c350a7cf0f4c19d0b420b730df46e19699014b3, 348, 17, 250, 36, 30, 0, 0, 0, 0, 2592
rocksdb, Thu Sep 27 14:33:04 BRT 2018, 75ca13875c0847ef89805274677fbfb7375a7a95, 348, 17, 250, 36, 30, 0, 0, 0, 0, 2898
rocksdb, Tue Oct 02 14:40:15 BRT 2018, 4e58b2ea3d6b48efd6edd3e0f9ba7aeb6a3c3efe, 349, 18, 252, 36, 30, 0, 0, 0, 0, 2799
rocksdb, Mon Oct 08 15:03:34 BRT 2018, c9048021ad6fac842ab4d4eb66a9522a9ed1a543, 351, 18, 261, 36, 30, 0, 0, 0, 0, 3027
rocksdb, Mon Oct 15 15:39:54 BRT 2018, f60c4e5a58e67402c97587a17b7259bc00ab50a8, 351, 20, 261, 38, 30, 0, 0, 0, 0, 2787
rocksdb, Mon Oct 22 00:14:58 BRT 2018, 933250e355180d2d2c7815f79a186584e1963427, 352, 20, 261, 38, 30, 0, 0, 0, 0, 2858
rocksdb, Mon Oct 29 13:43:35 BRT 2018, 92b440156686ec0cac5adb9833b9f6f4447ee479, 355, 20, 264, 38, 30, 0, 0, 0, 0, 2650
rocksdb, Tue Nov 06 00:28:21 BRT 2018, fffac43cfbfad0f2be8a2bd6222a492dd2e8c4d6, 355, 20, 264, 38, 30, 0, 0, 0, 0, 2527
rocksdb, Mon Nov 12 13:25:00 BRT 2018, d761857d564191fa396c2468673cd9562e487b48, 355, 20, 264, 38, 30, 0, 0, 0, 0, 3008
rocksdb, Sun Nov 18 21:51:15 BRT 2018, 13579e8c5abc0e83c8f23c9eb87939b7a82e32d3, 355, 20, 264, 38, 30, 0, 0, 0, 0, 2697
rocksdb, Sat Nov 24 15:44:38 BRT 2018, a21cb22ee3a83cb78ad0851e5ba56e473cccbf64, 356, 20, 264, 38, 30, 0, 0, 0, 0, 2333
rocksdb, Thu Nov 29 15:49:07 BRT 2018, 8d9b4d97410a9f61f04c4c7b29ddf4bee4d5bc7a, 357, 20, 276, 38, 30, 0, 0, 0, 0, 2731
rocksdb, Wed Dec 05 15:35:56 BRT 2018, e58d76955a649c0cb60e0f5a6fab90a44d9b2c1a, 358, 20, 276, 38, 30, 0, 0, 0, 0, 2676
rocksdb, Mon Dec 10 16:06:00 BRT 2018, 10e7de77059972635341f5eae4a707acf33dab42, 358, 20, 276, 38, 30, 0, 0, 0, 0, 2817
rocksdb, Mon Dec 17 18:12:22 BRT 2018, abf931afa6ebbe18cf90678cc88bb274846b1a3e, 360, 20, 276, 40, 30, 0, 0, 0, 0, 3165
rocksdb, Wed Dec 26 14:41:19 BRT 2018, b1288cdc24074de31b11a75070bdcdc22ea4c639, 359, 20, 276, 40, 30, 0, 0, 0, 0, 2888
rocksdb, Wed Jan 02 14:56:39 BRT 2019, ec68091d19fc931b37a312388ac321f86dd7029f, 359, 20, 276, 40, 30, 0, 0, 0, 0, 2965
rocksdb, Mon Jan 07 18:35:12 BRT 2019, a3ab59d0304e8c199b6d5c479bd7e6b5f4933407, 360, 20, 276, 40, 30, 0, 0, 0, 0, 2851
rocksdb, Tue Jan 15 14:13:49 BRT 2019, d50c10ed372bcd2330561c49a855663204a6841e, 346, 20, 263, 34, 30, 0, 0, 0, 0, 2864
rocksdb, Tue Jan 22 15:40:44 BRT 2019, ce8e88d2d7a62e2a08c4109aac84cb9e95ed359b, 346, 20, 264, 35, 30, 0, 0, 0, 0, 2733
rocksdb, Mon Jan 28 15:57:57 BRT 2019, e242fa466427dce9c34f55da3d85fc805a53236a, 346, 20, 264, 35, 30, 0, 0, 0, 0, 2730
rocksdb, Mon Feb 04 17:53:55 BRT 2019, dcb73e773522244282159f5a7ee7a26101377d8c, 346, 20, 264, 35, 30, 0, 0, 0, 0, 2769
rocksdb, Mon Feb 11 15:58:30 BRT 2019, 5d9a623e2cbc3512d3388d56035715513bbf9031, 345, 20, 264, 35, 30, 0, 0, 0, 0, 2889
rocksdb, Tue Feb 19 17:12:25 BRT 2019, ed995c6a6936113a4f1a9c8ed136a51af24800a3, 344, 20, 264, 35, 30, 0, 0, 0, 0, 2928
rocksdb, Tue Feb 26 21:52:20 BRT 2019, a661c0d2085b6de1ff745eb83f056a87801985b4, 349, 25, 269, 35, 30, 0, 0, 0, 0, 2772
rocksdb, Mon Mar 04 19:51:13 BRT 2019, a283800616cb5da5da43d878037e6398cccf9090, 349, 25, 269, 35, 30, 0, 0, 0, 0, 2976
rocksdb, Tue Mar 12 17:04:20 BRT 2019, 5a5c0492dbe0c478c3ce5ef34b0dc73b42b91ab4, 349, 25, 269, 35, 30, 0, 0, 0, 0, 2574
rocksdb, Mon Mar 18 15:27:41 BRT 2019, 20d49da90ced7cda61ec49bcff3f55b58d8e0cf5, 349, 25, 269, 35, 30, 0, 0, 0, 0, 2837
rocksdb, Mon Mar 25 17:19:25 BRT 2019, 52e6404e0f72b6f994a442084415f518f9ec9f6c, 349, 25, 269, 35, 30, 0, 0, 0, 0, 2853
rocksdb, Mon Apr 01 21:07:38 BRT 2019, 120bc4715b7e851b32f9b880f5ffac1d4f3a5d50, 346, 25, 258, 35, 30, 0, 0, 0, 0, 2715
rocksdb, Mon Apr 08 15:12:25 BRT 2019, de00f28132bd91593f9fd1d565189f7cfe81918b, 346, 25, 261, 35, 30, 0, 0, 0, 0, 2609
rocksdb, Mon Apr 15 14:30:48 BRT 2019, 8295d364e2350574f58e18e2096fdee52a833e69, 348, 25, 269, 36, 30, 0, 0, 0, 0, 2884
rocksdb, Mon Apr 22 12:17:45 BRT 2019, df38c1ce660628f05b4686eeaf0b548295ce7967, 349, 25, 269, 36, 30, 0, 0, 0, 0, 2812
rocksdb, Mon Apr 29 16:29:57 BRT 2019, 35e6ba734e6d6443e13e24d3e7497b1ce05664e6, 349, 25, 279, 36, 32, 0, 0, 0, 0, 2798
rocksdb, Mon May 06 22:23:45 BRT 2019, 930bfa575079a4f99cd1963df7a7f0b3f1b5691d, 350, 25, 279, 36, 32, 0, 0, 0, 0, 2581
rocksdb, Mon May 13 15:26:34 BRT 2019, 92c60547fe1bc3254a18c2ff82e5398339cdb45b, 351, 25, 279, 36, 32, 0, 0, 0, 0, 2749
rocksdb, Mon May 20 11:46:15 BRT 2019, 5c0e304170dbb157f9faa612f0568f37ad506674, 351, 26, 279, 37, 32, 0, 0, 0, 0, 3121
rocksdb, Tue May 28 16:16:22 BRT 2019, b5e4ee2e763789e23ee2e31e8fc8f82916bafc2d, 351, 26, 279, 37, 32, 0, 0, 0, 0, 2873
rocksdb, Mon Jun 03 16:31:45 BRT 2019, 349db9049732ad1f6c7466483b4e79c8817730dd, 352, 26, 282, 37, 32, 0, 0, 0, 0, 2823
rocksdb, Mon Jun 10 15:47:16 BRT 2019, c292dc85402e0da7b816076ceb4b404e427d5ab4, 354, 26, 288, 37, 32, 0, 0, 0, 0, 2708
rocksdb, Mon Jun 17 14:15:58 BRT 2019, d1ae67bdb921e32b7d5c2ad614a1b69faab64c9c, 355, 26, 288, 37, 32, 0, 0, 0, 0, 2651
rocksdb, Mon Jun 24 14:38:02 BRT 2019, 68980df89cc67a553b589c0e9000cef9b60bd344, 357, 26, 288, 37, 32, 0, 0, 0, 0, 2799
rocksdb, Sun Jun 30 23:54:28 BRT 2019, 68b46a2e3699180609b65c2529b86b067bd1829d, 357, 26, 288, 37, 32, 0, 0, 0, 0, 2978
rocksdb, Sun Jul 07 01:04:22 BRT 2019, e0d9d57750cb348f376ddd022276e8f493dd1e17, 358, 26, 288, 37, 32, 0, 0, 0, 0, 2709
rocksdb, Fri Jul 12 20:52:15 BRT 2019, 3e9c5a35237d0ae5d1d8b0499b4dd8844e0ec56d, 359, 26, 291, 37, 32, 0, 0, 0, 0, 2548
rocksdb, Wed Jul 17 21:01:30 BRT 2019, 9f5cfb8e7142fe7b8fe4668aefd481e881f5bb42, 361, 26, 291, 37, 32, 0, 0, 0, 0, 2713
rocksdb, Mon Jul 22 21:47:54 BRT 2019, 3778470061c77f773fab1e433c2ecad7ff02f293, 361, 26, 291, 37, 32, 0, 0, 0, 0, 3342
rocksdb, Mon Jul 29 14:52:32 BRT 2019, e648c1d9eb093e6cbb2ed500b17915a43c5aa172, 362, 26, 291, 36, 32, 0, 0, 0, 0, 2781
rocksdb, Mon Aug 05 17:30:31 BRT 2019, e579e32eaa33ba368c7b1d4de61da6ae4c7b1351, 362, 26, 291, 36, 32, 0, 0, 0, 0, 2838
rocksdb, Sat Aug 10 23:12:09 BRT 2019, de3fb9a6ff7cbe77459f817815e58f89b75f468d, 405, 71, 595, 50, 118, 0, 0, 0, 0, 3157
rocksdb, Fri Aug 16 15:15:13 BRT 2019, 3a3dc294379fd9bd13ff4be27e0a6b7036ff547c, 405, 71, 595, 50, 119, 0, 0, 0, 0, 3380
rocksdb, Thu Aug 22 12:47:36 BRT 2019, 244e6f2002dda2959bc5b15f42dd16d8d6984eb3, 405, 71, 594, 50, 119, 0, 0, 0, 0, 2807
rocksdb, Tue Aug 27 14:57:28 BRT 2019, 1b4c104a678ce211fb919a701f9aa35843b6278f, 406, 71, 601, 50, 119, 0, 0, 0, 0, 2803
rocksdb, Tue Sep 03 12:50:47 BRT 2019, 979fbdc6968649662ad388984b6a0f288b6c3811, 406, 71, 601, 50, 119, 0, 0, 0, 0, 2937
rocksdb, Mon Sep 09 15:22:28 BRT 2019, fbab9913e241fb618ace06613e65242c5cd045e3, 406, 71, 601, 50, 119, 0, 0, 0, 0, 2896
rocksdb, Mon Sep 16 01:27:44 BRT 2019, 0b59ef519fca040bec88a8f7c36e133de1f60830, 408, 71, 601, 50, 131, 0, 0, 0, 0, 2921
rocksdb, Mon Sep 23 13:05:18 BRT 2019, 42f898bf839356a8e3aebad2bb0ec68bbba040d9, 414, 71, 593, 50, 129, 0, 0, 0, 0, 3150
rocksdb, Mon Sep 30 16:36:45 BRT 2019, 69c4ccb970bdc8d5a58067de89a322ef9c7c2d93, 414, 71, 593, 50, 129, 0, 0, 0, 0, 2849
rocksdb, Mon Oct 07 16:21:39 BRT 2019, da3b2840cb20639ef9f468d9b96f1285cbd049f8, 414, 71, 593, 50, 129, 0, 0, 0, 0, 2875
rocksdb, Mon Oct 14 13:52:29 BRT 2019, 6febfd845128f5f2df8e50339750d9bab3b95790, 415, 71, 593, 50, 134, 0, 0, 0, 0, 2602
rocksdb, Mon Oct 21 14:40:17 BRT 2019, 1a21afa789f7c9a971f446171e9ccccff57245d8, 417, 71, 593, 50, 136, 0, 0, 0, 0, 2708
rocksdb, Mon Oct 28 17:13:15 BRT 2019, 79018ba51bba94954752ed5d7764830e3d1ed220, 418, 71, 593, 50, 136, 0, 0, 0, 0, 3090
rocksdb, Mon Nov 04 21:22:26 BRT 2019, 52733b44984b67584121efb6730a9020cab3a67c, 418, 71, 593, 50, 136, 0, 0, 0, 0, 3035
rocksdb, Mon Nov 11 19:00:25 BRT 2019, 8e7aa628138bf2ba3fcc26155beac0e0af99fd08, 418, 71, 596, 50, 136, 0, 0, 0, 0, 2875
rocksdb, Mon Nov 18 14:35:37 BRT 2019, 5b9233bfe815d0e2e827e039e0862309c6b0c2e0, 418, 71, 596, 51, 138, 0, 0, 0, 0, 2847
rocksdb, Mon Nov 25 17:03:06 BRT 2019, 0bc87442aef997c53d50c3c3c13b2e20187c6d76, 418, 71, 596, 51, 139, 0, 0, 0, 0, 2764
rocksdb, Mon Dec 02 15:58:14 BRT 2019, 048472f62041fa7ceff58d6f96496e8f16432881, 418, 71, 596, 51, 140, 0, 0, 0, 0, 2674
rocksdb, Sun Dec 08 01:54:27 BRT 2019, e3a82bb9345220c85894aaa67ccf95bd9eadd4a2, 418, 71, 596, 51, 140, 0, 0, 0, 0, 2863
rocksdb, Fri Dec 13 15:11:03 BRT 2019, 583c6953d818d4e422bfca28dc16fd6cb7e724db, 424, 71, 600, 51, 140, 0, 0, 0, 0, 2934
rocksdb, Wed Dec 18 15:59:21 BRT 2019, 02193ce406d8f647a82a71920bdd467709a357c7, 428, 71, 606, 52, 140, 0, 0, 0, 0, 2944
rocksdb, Mon Dec 23 21:31:08 BRT 2019, 37fd2b9694052323d5867f1dc56174202023c016, 428, 71, 606, 52, 140, 0, 0, 0, 0, 2872
rocksdb, Mon Dec 30 15:13:50 BRT 2019, 83108d23e8658dd074d36f7aeaa42fae9f32030c, 428, 71, 606, 52, 140, 0, 0, 0, 0, 2893
rocksdb, Mon Jan 06 15:15:00 BRT 2020, 28e5a9a9fbde73b69f143dffc058e111d4410209, 428, 71, 606, 52, 140, 0, 0, 0, 0, 2804
rocksdb, Mon Jan 13 21:25:28 BRT 2020, 894c6d21aff74d1edd2a355f52f2315d5ba58a60, 428, 71, 606, 52, 140, 0, 0, 0, 0, 2700
rocksdb, Tue Jan 21 02:30:22 BRT 2020, 8aa99fc71ed744eb56d9b24cfd1a2fab8fddc497, 428, 71, 606, 52, 138, 0, 0, 0, 0, 2782
rocksdb, Mon Jan 27 18:13:27 BRT 2020, 986df37135214d91e543f43a14d32a228b8d6fbb, 428, 71, 606, 52, 138, 0, 0, 0, 0, 2929
rocksdb, Mon Feb 03 17:28:25 BRT 2020, 7242dae7fe5818eed1cc655c4444d54173c5ca8c, 429, 71, 606, 52, 138, 0, 0, 0, 0, 2893
rocksdb, Mon Feb 10 16:29:58 BRT 2020, debc4ef18b2e61581ca81dc7fc997b085eb015d9, 429, 71, 606, 52, 138, 0, 0, 0, 0, 3246
rocksdb, Tue Feb 18 16:14:37 BRT 2020, 0f9dcb88b231513dd0d78544cda5034924d65226, 432, 71, 611, 52, 138, 0, 0, 0, 0, 2774
rocksdb, Mon Feb 24 16:42:37 BRT 2020, b47a7140515580a3afebd1f79d5c68e522b7d0ae, 433, 71, 611, 52, 140, 0, 0, 0, 0, 2608
rocksdb, Mon Mar 02 16:52:36 BRT 2020, 9b3c9ef0e8a0019394d0bc6c2e271cddb1da4617, 434, 71, 611, 51, 140, 0, 0, 0, 0, 2246
rocksdb, Mon Mar 09 22:42:27 BRT 2020, fd1da221115611cd8dbfc3898aa4616da1d41eca, 435, 71, 613, 51, 140, 0, 0, 0, 0, 2531
rocksdb, Mon Mar 16 16:17:34 BRT 2020, d66908091d362e8f4442234b27104cec4e401846, 446, 71, 613, 51, 140, 0, 0, 0, 0, 2359
rocksdb, Mon Mar 23 14:23:42 BRT 2020, 5c6346c4205e6bd9e71b81400dd87e70b02f8cb1, 447, 71, 614, 51, 145, 0, 0, 0, 0, 2425
rocksdb, Sat Mar 28 23:05:54 BRT 2020, ee50b8d499189e936280f9306b2cf84216659203, 449, 72, 622, 53, 145, 0, 0, 0, 0, 2434
rocksdb, Fri Apr 03 13:52:38 BRT 2020, df62cd5b35ca5f92a3600118f22bad0070637b73, 449, 72, 614, 53, 145, 0, 0, 0, 0, 2331
rocksdb, Wed Apr 08 17:49:17 BRT 2020, d648a0e17f97613dc1b58ac4107d61ebb53cae46, 451, 72, 617, 53, 145, 0, 0, 0, 0, 2546
rocksdb, Mon Apr 13 19:16:14 BRT 2020, d9cad3a5269dd244cf5e60fd1d6d64c523d02043, 452, 72, 617, 53, 145, 0, 0, 0, 0, 2195
rocksdb, Mon Apr 20 15:37:36 BRT 2020, 45d2b4efca2b93a2b4425db833eb3ac00e8c241c, 452, 72, 617, 53, 145, 0, 0, 0, 0, 2325
rocksdb, Sun Apr 26 21:33:50 BRT 2020, 3b2f2719eb60afd26152ee5ef4834132ad0d7fe2, 452, 72, 617, 53, 145, 0, 0, 0, 0, 2461
rocksdb, Fri May 01 21:35:41 BRT 2020, 211088df6e997d2d73ceba4395f570df5f856737, 452, 72, 620, 53, 145, 0, 0, 0, 0, 2508
rocksdb, Wed May 06 22:06:04 BRT 2020, 1f20df2f385a379fa61dbab2586695decbf99f73, 452, 75, 623, 54, 145, 0, 0, 0, 0, 2476
rocksdb, Tue May 12 13:25:21 BRT 2020, c384c08a4f699ded6d4e7e66432e464abc88eff4, 452, 75, 626, 54, 145, 0, 0, 0, 0, 2370
rocksdb, Mon May 18 12:39:33 BRT 2020, b9d65f5aa6ba72dcef5d764283dd0a279227965c, 452, 75, 626, 54, 145, 0, 0, 0, 0, 2363
rocksdb, Sun May 24 01:21:55 BRT 2020, b559dba817bdb2e23d6576acfae3ca3378ebb29d, 452, 80, 626, 54, 145, 0, 0, 0, 0, 2322
rocksdb, Fri May 29 15:24:19 BRT 2020, 0c56fc4d6604f34619fbb66516b02cb5c6544578, 452, 80, 629, 54, 145, 0, 0, 0, 0, 2140
rocksdb, Wed Jun 03 15:37:12 BRT 2020, 43f8a9dccee987d76aa7dc618e248793d30b3380, 452, 80, 629, 57, 159, 0, 0, 0, 0, 2226
rocksdb, Mon Jun 08 17:56:22 BRT 2020, 119b26fac0855edfca905d066c0a98677a57bb9c, 452, 83, 632, 54, 147, 0, 0, 0, 0, 2645
rocksdb, Mon Jun 15 14:45:03 BRT 2020, 88db97b06dfea318d3693b22ace39675cbd5a5c7, 452, 83, 634, 54, 147, 0, 0, 0, 0, 2213
rocksdb, Mon Jun 22 14:18:43 BRT 2020, d739318ba7b3c78c193877956f3ac153969f8cc1, 454, 83, 634, 54, 147, 0, 0, 0, 0, 2467
rocksdb, Mon Jun 29 16:20:20 BRT 2020, 1b85d57cf5a2b41d6a026557adfb245d5235d4aa, 454, 83, 634, 54, 147, 0, 0, 0, 0, 2401
rocksdb, Mon Jul 06 15:04:37 BRT 2020, 0117cbfc96d8a1f9a57ee0c03db404950f9513d2, 455, 83, 634, 54, 152, 0, 0, 0, 0, 2240
rocksdb, Mon Jul 13 16:31:41 BRT 2020, 43cc622d099fc9f1244e39c671d4d75c09984ca8, 455, 83, 634, 59, 152, 0, 0, 0, 0, 2603
rocksdb, Mon Jul 20 15:14:51 BRT 2020, 77062cf13e1ec816d78d16c9b72344e1a4050209, 456, 83, 635, 59, 152, 0, 0, 0, 0, 2293
rocksdb, Tue Jul 28 13:30:43 BRT 2020, b0279d386956de7901f000e4a8fd090a38ee358e, 457, 83, 635, 59, 152, 0, 0, 0, 0, 2384
rocksdb, Mon Aug 03 14:15:41 BRT 2020, d941b89dddb283d5c8c4e87b91c9ec512e304975, 457, 83, 635, 59, 152, 0, 0, 0, 0, 2501
rocksdb, Mon Aug 10 14:04:57 BRT 2020, 633bff2f19283d55f91f4d5a3b2d42acd45d4fd9, 461, 83, 635, 59, 154, 0, 0, 0, 0, 2170
rocksdb, Mon Aug 17 15:51:35 BRT 2020, 59ebab654e156f69ec9bdba8c1012ca4e645a01a, 463, 83, 641, 60, 154, 0, 0, 0, 0, 2179
rocksdb, Mon Aug 24 13:10:10 BRT 2020, ed7ea43dd9f660ec283564d85313b128cdb61fba, 463, 83, 641, 60, 154, 0, 0, 0, 0, 2342
rocksdb, Mon Aug 31 16:30:02 BRT 2020, 792d2f906ea70c170f3880ada04ae427051f0d82, 464, 83, 641, 60, 154, 0, 0, 0, 0, 2332
rocksdb, Tue Sep 08 13:22:46 BRT 2020, 423d051124a7c0f226b3aa8c40da08c0141b8324, 465, 83, 644, 60, 158, 0, 0, 0, 0, 2209
rocksdb, Mon Sep 14 16:01:56 BRT 2020, 6b72342a128500bfbab307c28ca0ffa86be377e1, 465, 83, 644, 60, 158, 0, 0, 0, 0, 2265
rocksdb, Sat Sep 19 21:56:39 BRT 2020, 485fd9d9db4e444e5dca89f95700ec804ba010b3, 469, 83, 650, 60, 159, 0, 0, 0, 0, 2337
rocksdb, Fri Sep 25 01:47:43 BRT 2020, 9a63bbd39112a79089533c788fa80465d97d9100, 470, 83, 650, 60, 161, 0, 0, 0, 0, 2186
rocksdb, Wed Sep 30 03:16:12 BRT 2020, 9d212d3f0ecee2e6f72286497dc2b7a3e2d3ba58, 471, 83, 650, 60, 161, 0, 0, 0, 0, 2384
rocksdb, Mon Oct 05 18:56:59 BRT 2020, 2496d3d4b849af53ef3dbb03801c1e359f4d63ff, 472, 83, 652, 60, 162, 0, 0, 0, 0, 2381
rocksdb, Sun Oct 11 18:52:49 BRT 2020, 75d3b6fdf0aa1007c4d26382f65be0adf4519a37, 473, 83, 652, 60, 162, 0, 0, 0, 0, 2207
rocksdb, Mon Oct 19 14:12:53 BRT 2020, 0ea7db768e4332fa81f234e99c650f6f3244745d, 477, 83, 652, 60, 164, 0, 0, 0, 0, 2267
rocksdb, Mon Oct 26 00:43:04 BRT 2020, 25d54c799ce5fb6887a151f4f584bf8d84c1256e, 480, 83, 668, 60, 181, 0, 0, 0, 0, 2395
rocksdb, Tue Nov 03 00:20:15 BRT 2020, 1adbceb5810d6ee1694dcbdaf41aebd809fb265f, 480, 83, 668, 60, 181, 0, 0, 0, 0, 2344
rocksdb, Sun Nov 08 02:54:55 BRT 2020, 5e794b0841f72b5a192610eb1fca8ef3086540d2, 480, 83, 680, 60, 203, 0, 0, 0, 0, 2204
rocksdb, Fri Nov 13 03:08:03 BRT 2020, e300ce211d7ecf513e74af041763d2a40fbda62a, 482, 86, 677, 60, 206, 0, 0, 0, 0, 2246
rocksdb, Wed Nov 18 19:53:14 BRT 2020, 8a97f35619463cbada7a0b5c56b6e2c3075ea627, 482, 86, 679, 61, 206, 0, 0, 0, 0, 2315
rocksdb, Mon Nov 23 21:27:46 BRT 2020, dd6b7fc520a1d406bf5df7fc710ca25208c982f9, 482, 86, 679, 61, 206, 0, 0, 0, 0, 2201
rocksdb, Mon Nov 30 17:08:23 BRT 2020, cc431ece3762ea559999d1b68ce3067b1231e60a, 482, 86, 679, 61, 206, 0, 0, 0, 0, 2057
rocksdb, Sat Dec 05 19:17:11 BRT 2020, eee0af9af179063f189680e2bd79900de2f9fc6f, 483, 86, 679, 61, 206, 0, 0, 0, 0, 2140
rocksdb, Fri Dec 11 01:36:44 BRT 2020, 07c0fc002af727fe1f0b01f45c40d16c97e62123, 513, 87, 699, 61, 206, 0, 0, 0, 0, 2195
rocksdb, Wed Dec 16 20:58:56 BRT 2020, 29d12748b0e44575dc6b9bf459dec8a8d5e41957, 514, 87, 699, 61, 206, 0, 0, 0, 0, 2270
rocksdb, Tue Dec 22 05:19:44 BRT 2020, 4d897e51dfe1abfd9b5e9f11db1efd26265b4ba3, 514, 87, 701, 62, 206, 0, 0, 0, 0, 2348
rocksdb, Sun Dec 27 21:16:55 BRT 2020, 736c6dc59fe1f860f3076e18efee07180c8eb510, 516, 87, 705, 63, 206, 0, 0, 0, 0, 2193
rocksdb, Mon Jan 04 14:04:19 BRT 2021, 81367a4616374323734bd2afa7ef65ade8ea5b11, 516, 87, 705, 63, 206, 0, 0, 0, 0, 2179
rocksdb, Sat Jan 09 14:42:21 BRT 2021, 4926b33742f03b45b64b4aeabfc7492908c04885, 516, 87, 705, 63, 206, 0, 0, 0, 0, 2127
rocksdb, Fri Jan 15 16:15:15 BRT 2021, 7189ea8fb7b06de57dcc49f338299d830dc66e95, 516, 87, 705, 63, 206, 0, 0, 0, 0, 2177
rocksdb, Wed Jan 20 19:32:16 BRT 2021, b0c43e70812516cb56248b574a231598f556e86b, 516, 87, 705, 63, 206, 0, 0, 0, 0, 2067
rocksdb, Mon Jan 25 19:35:45 BRT 2021, 1d226018af894c9a6b3ff7e292860779e383085b, 516, 87, 705, 63, 206, 0, 0, 0, 0, 2004
rocksdb, Mon Feb 01 14:15:56 BRT 2021, 87983d442ceed55588ae2b09153ca53ec30c6d9a, 517, 87, 700, 63, 206, 0, 0, 0, 0, 1958
rocksdb, Sun Feb 07 03:32:57 BRT 2021, 974458891c8c6f52ebe04935473b268e785427a1, 517, 87, 700, 63, 206, 0, 0, 0, 0, 2029
rocksdb, Mon Feb 15 14:43:11 BRT 2021, 9df78a94f181545dfb1d867dbf11cdf11723c7f6, 518, 87, 703, 63, 209, 0, 0, 0, 0, 1921
rocksdb, Sun Feb 21 00:12:14 BRT 2021, 6790a983eb8fa8e934045c89ef05a60de0237780, 518, 87, 703, 63, 209, 0, 0, 0, 0, 2133
rocksdb, Fri Feb 26 04:05:56 BRT 2021, c370d8aa12352d46bc03e8d634d5ad28bd300668, 518, 87, 703, 63, 209, 0, 0, 0, 0, 1942
rocksdb, Wed Mar 03 19:19:21 BRT 2021, 4126bdc0e1755ae1440395a8ac1ca58371317aba, 519, 87, 708, 63, 214, 0, 0, 0, 0, 1869
rocksdb, Mon Mar 08 19:46:09 BRT 2021, 0ff0b625a11544951bb2a4060aed424f15babf25, 519, 87, 708, 64, 214, 0, 0, 0, 0, 1943
rocksdb, Mon Mar 15 00:24:04 BRT 2021, b8f40f7f7beafb70195b1600011e704d67f592c3, 520, 87, 708, 64, 214, 0, 0, 0, 0, 1872
rocksdb, Sun Mar 21 22:31:52 BRT 2021, 7457c7cd00f936ee4e3d37a48811a73851bee182, 522, 87, 711, 64, 214, 0, 0, 0, 0, 1826
rocksdb, Fri Mar 26 22:45:19 BRT 2021, ce6de862c1e487072931e1c231ad4732f2b67f18, 523, 87, 711, 64, 214, 0, 0, 0, 0, 1583
rocksdb, Wed Mar 31 23:12:29 BRT 2021, a3a943bf6369f8c5330be6efe8dbf2f84adf5ba6, 523, 87, 711, 64, 214, 0, 0, 0, 0, 1744
rocksdb, Tue Apr 06 04:27:59 BRT 2021, 88c8f7a090186baa41321bf8f14d7ef8f5da5e3c, 523, 87, 711, 64, 214, 0, 0, 0, 0, 1424
rocksdb, Mon Apr 12 14:56:42 BRT 2021, 8972dd1ffa941834bbd8e69f76ad8aff0d89bfb8, 525, 87, 711, 64, 214, 0, 0, 0, 0, 1578
rocksdb, Sun Apr 18 20:17:48 BRT 2021, c377c2ba154f28600faaa2f52f20b4a496df9cea, 525, 87, 711, 64, 214, 0, 0, 0, 0, 1376
rocksdb, Mon Apr 26 07:12:35 BRT 2021, 6bab3a34e9348896ab3ac1a66ec53717d680512c, 525, 87, 711, 64, 214, 0, 0, 0, 0, 1497
rocksdb, Mon May 03 17:30:00 BRT 2021, c3ff14e2c12016385b30e6acc663415ddc0df90f, 526, 87, 711, 64, 214, 0, 0, 0, 0, 1430
rocksdb, Mon May 10 16:49:25 BRT 2021, ff463742b5fa2c97ee20abbcd8b4378c8796325f, 527, 87, 711, 64, 214, 0, 0, 0, 0, 1620
rocksdb, Mon May 17 19:14:34 BRT 2021, 0ed8cb666de61d2e18bbb1fc90e05b734cee02de, 528, 88, 710, 64, 214, 0, 0, 0, 0, 1169
rocksdb, Mon May 24 12:35:20 BRT 2021, a4405fd9812e741a20ecd631e517059cb394b756, 533, 90, 720, 64, 218, 0, 0, 0, 0, 1064
rocksdb, Mon May 31 23:09:09 BRT 2021, 9e701b48e0bd2f930bb200cf1e668dd030265332, 533, 90, 720, 64, 218, 0, 0, 0, 0, 988
